IPS 1,IPS 2,IPS 3,IPS 4,IPS 5,IPS 6,IPS 7,IPS 8,IPK,JENIS KELAMIN,STATUS MAHASISWA,STATUS NIKAH,STATUS KELULUSAN,RATA_RATA_IPS,TREND_IPS,JENIS KELAMIN_ENCODED,STATUS MAHASISWA_ENCODED,STATUS NIKAH_ENCODED,STATUS KELULUSAN_ENCODED
-0.22807281005365715,-0.026010637445480853,0.5074116288065897,0.5980966882091316,0.3330427800644184,0.19347699532927273,0.6586853310594722,-0.9078559752870059,0.2974607745057564,PEREMPUAN,BEKERJA,BELUM MENIKAH,TERLAMBAT,2.6174999999999997,0.27,1,0,0,1
0.3535224465339675,1.0294531304171723,0.4056069663832453,0.5518357402843848,0.09714303490064774,0.39839125929903363,0.9492274825895939,-0.9078559752870059,0.5147203922488895,PEREMPUAN,MAHASISWA,BELUM MENIKAH,TERLAMBAT,2.7249999999999996,0.25,1,1,0,1
1.5651792310915178,1.0294531304171723,1.3557838156677926,0.7831404799081203,1.2597917789220878,1.3283867650079497,1.583137631382586,-0.9078559752870059,1.3185809778984814,PEREMPUAN,BEKERJA,BELUM MENIKAH,TERLAMBAT,3.09625,0.22999999999999998,1,0,0,1
0.7654857532835345,1.2616551593469567,1.2030768220327757,0.8910826917325301,1.175541869935027,1.1865230437981147,1.2265631726865278,-0.9078559752870059,1.036143474832409,PEREMPUAN,MAHASISWA,BELUM MENIKAH,TERLAMBAT,3.015,0.29000000000000004,1,1,0,1
0.11119108962245726,0.16397284076979737,0.6770860661788297,0.10464657701182901,0.3330427800644184,0.19347699532927273,0.7247176382254094,-0.9078559752870059,0.34091269805438307,PEREMPUAN,BEKERJA,BELUM MENIKAH,TERLAMBAT,2.625,0.18000000000000016,1,0,0,1
0.23235676807821293,0.016207913269025313,0.3207697476971245,0.4901544763847218,-0.003956855883825399,0.4456791663689789,0.9228145597232192,-0.9078559752870059,0.2974607745057564,LAKI - LAKI,BEKERJA,BELUM MENIKAH,TERLAMBAT,2.64125,0.2799999999999998,0,0,0,1
-0.22807281005365715,0.691704724701124,-0.510634995426854,0.25884973676098627,0.7542923249997228,0.7136439730986663,1.0152597897555304,1.447749357952613,0.2757348127314436,PEREMPUAN,MAHASISWA,BELUM MENIKAH,TEPAT,3.07625,0.54,1,1,0,0
-0.5673367097297705,0.16397284076979737,-0.985723420069128,-0.4350644821102211,-0.475756346211366,-0.027199904330470176,0.685098253925847,0.8766935195914933,-0.05015461388325551,PEREMPUAN,MAHASISWA,BELUM MENIKAH,TEPAT,2.6550000000000002,0.4299999999999997,1,1,0,0
1.8075105880030282,1.5360757389912465,1.0503698283977594,0.9373436396572776,1.242941797124676,1.2653362222480233,0.8171628682577204,-0.9078559752870059,1.014417513058095,PEREMPUAN,BEKERJA,MENIKAH,TERLAMBAT,3.05,-0.4500000000000002,1,0,1,1
-0.34923848850941175,-0.5537425213768075,-1.918932825616451,-1.036456805131934,-1.43620530866386,-1.1778723096991286,-0.9921223480889443,-0.765092015696726,-1.592697899859499,PEREMPUAN,BEKERJA,BELUM MENIKAH,TERLAMBAT,1.8975,-0.9299999999999999,1,0,0,1
0.692786346210082,1.3672015361332217,0.8467605035510705,0.9990249035569405,0.8216922521893716,0.42991653067899693,1.6887893228480848,1.947423216518593,1.1013213601553484,PEREMPUAN,BEKERJA,BELUM MENIKAH,TERLAMBAT,3.4575,0.6699999999999999,1,0,0,1
-0.44617103127401586,-1.081474405308134,-2.258281700360932,-2.069617975451287,-2.025954671573286,-1.8871909157483013,-1.8505423412461213,-0.23686536521269025,-1.1581786643732337,PEREMPUAN,BEKERJA,BELUM MENIKAH,TERLAMBAT,1.6637499999999998,-1.54,1,0,0,1
-0.6885023881855261,0.016207913269025313,-1.1893327449158162,-0.5121660619847994,-1.1497556181078528,-0.7207558746896614,-2.0222263398775566,0.1057681378039816,-1.0495488555016668,PEREMPUAN,BEKERJA,BELUM MENIKAH,TERLAMBAT,2.1224999999999996,-1.5699999999999998,1,0,0,1
-0.34923848850941175,0.3961748696995808,-0.425797776740734,-0.7897317495332825,-1.0992056727156168,0.7294066087886476,-0.0412571248994562,-0.9078559752870059,-0.788837314209908,PEREMPUAN,BEKERJA,BELUM MENIKAH,TERLAMBAT,2.3249999999999997,-0.20999999999999996,1,0,0,1
0.9351177031215923,1.1983273332751971,0.9146302784999668,0.7985607958830357,1.3103417243143247,0.9027956013784459,1.0812920969214674,1.483440347850183,1.1230473219296622,PEREMPUAN,MAHASISWA,BELUM MENIKAH,TERLAMBAT,3.38375,0.10999999999999988,1,1,0,1
0.01425854685785314,0.10064501469803765,-0.7651466514852148,-1.4219647045048265,0.686892397810074,0.4141538949890156,0.5926530238935358,0.5197836206157935,0.232282889182817,LAKI - LAKI,MAHASISWA,BELUM MENIKAH,TERLAMBAT,2.6675000000000004,0.1200000000000001,0,1,0,1
-0.34923848850941175,0.9661253043454137,-0.6124396578501984,0.8910826917325301,0.7542923249997228,0.6348307946487578,0.8171628682577204,0.5197836206157935,0.5581723157975161,PEREMPUAN,MAHASISWA,BELUM MENIKAH,TERLAMBAT,2.9425,0.43999999999999995,1,1,0,1
-0.44617103127401586,-1.292567158880664,-2.461891025207621,0.3359513166355646,0.6531924342152496,0.3195780808491258,1.0548791740550927,-0.9078559752870059,0.03674923321399772,LAKI - LAKI,BEKERJA,BELUM MENIKAH,TERLAMBAT,2.3625,0.6600000000000001,0,0,0,1
-0.44617103127401586,-0.2793219417325169,-1.613518838346418,-1.8074726038777194,-0.7116560913751366,-1.0517712241792754,-2.312768491407678,-0.25114176117171816,-1.788231555828319,LAKI - LAKI,MAHASISWA,BELUM MENIKAH,TERLAMBAT,1.8975,-1.89,0,1,0,1
0.5958538034454778,1.8949334200645485,0.10019297911321194,0.952763955632193,1.0407420155557296,1.1549977724181515,1.583137631382586,,0.9709655895094685,LAKI - LAKI,MAHASISWA,BELUM MENIKAH,TEPAT,3.415714285714286,0.6299999999999999,0,1,0,0
0.3535224465339675,1.0927809564889321,-0.03554657078458066,0.027544997137250032,0.9733420883660809,0.3038154451591438,1.1869437883869662,1.947423216518593,0.7754319335406492,LAKI - LAKI,BEKERJA,BELUM MENIKAH,TERLAMBAT,3.2337499999999997,0.43000000000000016,0,0,0,1
0.6443200748277799,0.8816882029164013,0.10019297911321194,0.3359513166355646,0.8890921793790203,0.19347699532927273,0.7247176382254094,1.2336034185671931,0.5581723157975161,LAKI - LAKI,BEKERJA,BELUM MENIKAH,TERLAMBAT,3.0875,-0.040000000000000036,0,0,0,1
0.11119108962245726,1.0716716811316787,-0.12038378947070065,0.19716847286132339,0.8722421975816077,-0.07448781140041473,0.9756404054559686,1.947423216518593,0.38436462160300966,LAKI - LAKI,MAHASISWA,BELUM MENIKAH,TERLAMBAT,3.17,0.3700000000000001,0,1,0,1
0.23235676807821293,1.2616551593469567,0.982500053448863,0.706038900033542,0.2824928346721822,0.19347699532927273,0.2889044109302272,-0.9078559752870059,0.5798982775718299,LAKI - LAKI,BEKERJA,BELUM MENIKAH,TERLAMBAT,2.7225,-0.20000000000000018,0,0,0,1
0.4746881249897221,0.22730066684155614,-1.070560638755248,-0.20375974248648554,0.3667427436592428,0.9027956013784459,0.9360210211564068,0.5197836206157935,0.34091269805438307,LAKI - LAKI,BEKERJA,MENIKAH,TERLAMBAT,2.8225000000000002,0.1900000000000004,0,0,1,1
-0.5188704383474684,0.3961748696995808,-0.0016116833101325076,-0.018715950787496806,0.7879922885945472,0.9816087798283538,0.9096080982900322,0.5197836206157935,0.3191867362800702,LAKI - LAKI,BEKERJA,BELUM MENIKAH,TERLAMBAT,2.91,0.5800000000000001,0,0,0,1
-0.9793000164793374,-0.7648352749493373,-1.2911374073391606,-1.2831818607305854,-1.6215551084353939,-0.3424526181301022,-1.216632192453129,-0.9078559752870059,-1.3319863585677403,LAKI - LAKI,MAHASISWA,BELUM MENIKAH,TERLAMBAT,1.8850000000000002,-0.8400000000000001,0,1,0,1
-6.1167247830033515,0.18508211612704997,0.4395418538576934,-0.6663692217339566,0.5183925798359521,0.13042645256934618,0.9360210211564068,1.5548223276453232,0.6450761628947693,PEREMPUAN,BEKERJA,BELUM MENIKAH,TERLAMBAT,2.685,2.91,1,0,0,1
1.1532159243419509,1.7260592172065237,0.660118622441606,1.7083594384030631,1.3777416515039735,0.39839125929903363,1.0812920969214674,1.483440347850183,1.2751290543498548,LAKI - LAKI,MAHASISWA,BELUM MENIKAH,TEPAT,3.44625,0.020000000000000018,0,1,0,0
-0.8096680666412808,-0.23710339101801076,-0.10341634573347695,-0.018715950787496806,0.8553922157841959,0.42991653067899693,0.10401395086560432,1.2336034185671931,0.14537904208556376,LAKI - LAKI,BEKERJA,BELUM MENIKAH,TERLAMBAT,2.86,0.08999999999999986,0,0,0,1
0.4746881249897221,1.1983273332751971,0.5243790725438134,0.22800910481115483,0.08029305310323592,0.7136439730986663,1.1341179426542167,0.8766935195914933,0.688528086443396,LAKI - LAKI,MAHASISWA,BELUM MENIKAH,TEPAT,3.0775,0.3400000000000003,0,1,0,0
-0.10690713159790147,0.5861583479148581,-0.45973266421518216,0.8910826917325301,0.29934281646959404,0.571780251888832,0.67189179249266,1.447749357952613,0.36263865982869686,LAKI - LAKI,BEKERJA,BELUM MENIKAH,TERLAMBAT,3.05375,0.22999999999999998,0,0,0,1
-0.8096680666412808,-0.1315570142317458,-1.1044955262296963,-0.4350644821102211,-0.23985660104759532,-0.011437268640488189,0.8831951754236574,0.5197836206157935,-0.15878442275482255,LAKI - LAKI,MAHASISWA,BELUM MENIKAH,TEPAT,2.59125,0.6800000000000002,0,1,0,0
0.6443200748277799,0.6072676232721117,-0.2900582268429414,0.027544997137250032,0.48469261624112775,0.682118701718703,0.3153173337966019,1.0694248650383713,0.2974607745057564,LAKI - LAKI,MAHASISWA,BELUM MENIKAH,TEPAT,2.95875,-0.3500000000000001,0,1,0,0
0.01425854685785314,0.5017212464858458,-0.6124396578501984,-0.6509489057590413,-0.6274061823880753,-0.6261800605497716,0.10401395086560432,1.0694248650383713,0.2757348127314436,LAKI - LAKI,MAHASISWA,BELUM MENIKAH,TERLAMBAT,2.635,-0.25,0,1,0,1
0.4746881249897221,0.9661253043454137,-1.0026908638063519,0.4130528965101429,0.5015425980385403,0.776694515858593,1.4642794784839002,1.0694248650383713,0.36263865982869686,LAKI - LAKI,BEKERJA,MENIKAH,TERLAMBAT,3.0675,0.5900000000000003,0,0,1,1
-0.34923848850941175,0.7339232754156302,-0.7821140952224391,0.19716847286132339,0.40044270725406717,0.16195172394930946,1.0944985583546545,1.3835055761369872,0.2974607745057564,LAKI - LAKI,BEKERJA,BELUM MENIKAH,TEPAT,2.97375,0.6499999999999999,0,0,0,0
0.0627248182401552,1.0716716811316787,-0.7142443202735429,0.7522998479582889,0.8553922157841959,0.9343208727584092,1.0944985583546545,0.5197836206157935,0.4929944304745767,LAKI - LAKI,BEKERJA,MENIKAH,TERLAMBAT,3.00875,0.48,0,0,1,1
-0.22807281005365715,0.9239067536309075,0.1341278665876601,-1.3448631246302483,0.18139294388770907,1.312624129317968,0.10401395086560432,0.7482059559602413,0.2974607745057564,LAKI - LAKI,BEKERJA,BELUM MENIKAH,TERLAMBAT,2.80375,-0.1499999999999999,0,0,0,1
-0.39770475989171383,-0.4693054199477951,0.5074116288065897,0.3359513166355646,0.2824928346721822,-0.09025044709039672,0.8171628682577204,0.5197836206157935,0.2105569274085032,LAKI - LAKI,BEKERJA,BELUM MENIKAH,TERLAMBAT,2.8,0.45999999999999996,0,0,0,1
-1.367030187537754,0.5861583479148581,0.5074116288065897,-0.06497689871224364,-0.2230066192501835,-0.7995690531395693,0.3945561023957259,1.2336034185671931,0.058475194988310546,LAKI - LAKI,BEKERJA,BELUM MENIKAH,TERLAMBAT,2.77125,0.54,0,0,0,1
-0.34923848850941175,-0.4693054199477951,0.3207697476971245,-1.5761678642539838,0.46784263444371593,-0.16906362554030455,1.490692401350275,1.3906437741165012,0.34091269805438307,LAKI - LAKI,BEKERJA,BELUM MENIKAH,TERLAMBAT,2.8575,0.9500000000000002,0,0,0,1
-1.0277662878616394,0.43839342041408697,0.16806275406210824,0.01212468116233465,-0.0545068012760616,-0.452791067959974,0.7247176382254094,0.9694900933251752,-0.0718805756575693,LAKI - LAKI,BEKERJA,BELUM MENIKAH,TERLAMBAT,2.78625,0.6499999999999999,0,0,0,1
0.0627248182401552,-0.4693054199477951,-0.1373512332079251,0.4130528965101429,-0.2230066192501835,0.24076490239921727,1.0152597897555304,0.5197836206157935,0.2105569274085032,LAKI - LAKI,BEKERJA,BELUM MENIKAH,TERLAMBAT,2.79,0.41999999999999993,0,0,0,1
-1.9001591727430764,-0.4693054199477951,-0.5276024391640785,-0.4659051140600525,-0.4420563826165416,0.020088002739475082,0.67189179249266,1.2336034185671931,-0.3543180787236418,LAKI - LAKI,BEKERJA,BELUM MENIKAH,TERLAMBAT,2.6475,0.9700000000000002,0,0,0,1
0.5958538034454778,0.3961748696995808,0.1341278665876601,0.4901544763847218,0.7879922885945472,0.6033055232687945,1.2265631726865278,-0.9078559752870059,0.5147203922488895,LAKI - LAKI,BEKERJA,BELUM MENIKAH,TERLAMBAT,2.76875,0.3599999999999999,0,0,0,1
-0.6885023881855261,-0.5537425213768075,-0.5615373266385266,-1.3448631246302483,-0.7622060367673729,-0.6734679676197162,-0.45065742932826364,0.9123845094890632,0.015023271439683928,LAKI - LAKI,MAHASISWA,BELUM MENIKAH,TERLAMBAT,2.3899999999999997,-0.3799999999999999,0,1,0,1
0.9835839745038932,1.9371519707790545,0.2019976415365564,1.1069671153813503,-0.15560669206053473,0.7136439730986663,0.7379240996585964,1.5905133175428932,0.6668021246690832,LAKI - LAKI,BEKERJA,BELUM MENIKAH,TEPAT,3.2649999999999997,-0.16999999999999993,0,0,0,0
-0.34923848850941175,0.16397284076979737,-0.25612333936849324,0.6135170041840476,0.686892397810074,0.5402549805088687,1.583137631382586,-0.9078559752870059,0.5798982775718299,LAKI - LAKI,BEKERJA,BELUM MENIKAH,TEPAT,2.70875,1.02,0,0,0,0
-2.3121224794926434,-1.9047361442410033,-2.224346812886484,-2.316343031049938,-2.3798042893189417,-0.07448781140041473,-0.437450967895076,1.0194574791817734,-0.5933036582410878,LAKI - LAKI,BEKERJA,BELUM MENIKAH,TERLAMBAT,1.9725000000000001,0.30000000000000027,0,0,0,1
-1.4881958659935084,-2.390249477457824,-0.7651466514852148,-1.838313235827551,-2.2450044349396445,-1.4615997521187976,-0.9789158866557569,0.7339295600012132,-1.7230536705053787,LAKI - LAKI,BEKERJA,BELUM MENIKAH,TERLAMBAT,1.93125,-0.4500000000000002,0,0,0,1
-0.8096680666412808,-1.144802231379893,-0.3748954455290614,-1.4219647045048265,-1.9417047625862254,-0.40550316089002875,0.5794465624603488,0.6411329862675313,-0.4629478875952079,LAKI - LAKI,BEKERJA,BELUM MENIKAH,TERLAMBAT,2.34,0.4500000000000002,0,0,0,1
0.01425854685785314,-0.026010637445480853,-1.1893327449158162,-0.9901958572071866,-0.9812558001337309,-0.027199904330470176,0.14363333516516666,-0.12265419754046619,-0.05015461388325551,LAKI - LAKI,BEKERJA,BELUM MENIKAH,TERLAMBAT,2.35,-0.21999999999999975,0,0,0,1
-0.22807281005365715,0.5861583479148581,-0.5445698829013021,-0.08039721468715971,0.1982429256851209,0.8555076943085007,0.4473819481284753,-0.2796945530897742,0.25400885095712983,LAKI - LAKI,BEKERJA,BELUM MENIKAH,TERLAMBAT,2.65375,0.11000000000000032,0,0,0,1
-0.6885023881855261,0.016207913269025313,-0.018579127047356207,-0.2191800584614009,-0.4420563826165416,0.8082197872385561,0.3549367180961636,-0.2796945530897742,0.08020115676262433,PEREMPUAN,BEKERJA,BELUM MENIKAH,TERLAMBAT,2.5637499999999998,0.22999999999999998,1,0,0,1
-1.7305272229050188,-2.6646700571021134,-1.4777792884486258,-0.7897317495332825,-1.82375489000434,-0.27940207537017564,-1.2694580381858782,0.3413286711279436,-1.353712320342053,LAKI - LAKI,BEKERJA,BELUM MENIKAH,TERLAMBAT,1.96375,-0.5700000000000001,0,0,0,1
-0.9066006094058848,0.2906284929133159,-0.10341634573347695,-0.4350644821102211,-1.3182554360819747,-0.37397788951006544,-0.0676700477658309,-0.9078559752870059,-0.44122192582089503,LAKI - LAKI,MAHASISWA,BELUM MENIKAH,TERLAMBAT,2.23625,0.0,0,1,0,1
-1.2700976447731498,-2.0525010717417747,-0.23915589563126954,-0.9901958572071866,-1.7058050174224548,-0.3582152538200842,0.06439456656604257,0.36988146304599956,-1.0495488555016668,LAKI - LAKI,MAHASISWA,BELUM MENIKAH,TERLAMBAT,2.2325,0.25,0,1,0,1
-1.8274597656696228,-0.6592888981630725,0.2019976415365564,0.10464657701182901,-1.2845554724871504,-0.9887206814193489,0.09080748943241726,0.36988146304599956,-0.18051038452913537,LAKI - LAKI,BEKERJA,BELUM MENIKAH,TERLAMBAT,2.39125,0.5,0,0,0,1
0.0627248182401552,1.4094200868477278,0.4565092975949171,-0.4350644821102211,-0.020806837681237214,1.0288966868982983,1.0152597897555304,-0.9078559752870059,0.4712684687002629,PEREMPUAN,MAHASISWA,BELUM MENIKAH,TEPAT,2.70375,0.41999999999999993,1,1,0,0
-0.10690713159790147,0.6283768986293643,0.49044418506936527,0.4593138444348904,0.1645429620902965,1.2810988579380045,0.7775434839581586,-0.9078559752870059,0.7319800099920226,PEREMPUAN,BEKERJA,BELUM MENIKAH,TERLAMBAT,2.7350000000000003,0.31000000000000005,1,0,0,1
-0.6158029811120725,0.20619139148430354,-0.3748954455290614,-0.15749879456173801,-0.7116560913751366,0.4141538949890156,0.9096080982900322,-0.9078559752870059,-0.028428652108942687,PEREMPUAN,BEKERJA,BELUM MENIKAH,TERLAMBAT,2.4487500000000004,0.6200000000000001,1,0,0,1
-0.22807281005365715,0.2906284929133159,-0.7990815389596628,-0.7897317495332825,-0.7959060003621973,0.14618908825932816,0.10401395086560432,-0.9078559752870059,-0.006702690334628897,LAKI - LAKI,MAHASISWA,BELUM MENIKAH,TERLAMBAT,2.2875,-0.1499999999999999,0,1,0,1
0.01425854685785314,1.303873710061463,0.03232320416431564,0.05838562908708149,-0.863305927551846,0.14618908825932816,-0.22614758496407905,-0.2796945530897742,-0.0718805756575693,LAKI - LAKI,MAHASISWA,BELUM MENIKAH,TERLAMBAT,2.56375,-0.5,0,1,0,1
0.4019887179162696,1.7260592172065237,0.8806953910255186,0.9065030077074462,0.6194924706204252,0.6190681589587765,1.4510730170507125,-0.9078559752870059,0.9275136659608418,PEREMPUAN,MAHASISWA,BELUM MENIKAH,TEPAT,2.9362500000000002,0.6099999999999999,1,1,0,0
-0.6885023881855261,1.2194366086324506,-0.510634995426854,-0.08039721468715971,0.1476929802928847,-0.18482626123028653,0.3417302566629766,-0.1940361773356062,0.14537904208556376,LAKI - LAKI,BEKERJA,BELUM MENIKAH,TERLAMBAT,2.58875,0.2200000000000002,0,0,0,1
1.1047496529596488,1.662731391134765,1.30488148445612,1.21490932720576,1.3103417243143247,1.564826300357674,1.6491699385485223,-0.9078559752870059,1.4489367485443612,PEREMPUAN,MAHASISWA,BELUM MENIKAH,TEPAT,3.17,0.46999999999999975,1,1,0,0
0.3535224465339675,0.8816882029164013,-0.03554657078458066,0.47473416040980576,0.26564285287476963,1.1549977724181515,1.0548791740550927,-0.9078559752870059,0.6233502011204566,PEREMPUAN,BEKERJA,BELUM MENIKAH,TERLAMBAT,2.76,0.33000000000000007,1,0,0,1
-0.9066006094058848,-0.7015074488775785,-1.1384304137041443,-1.0672974370817656,-2.2450044349396445,-0.7207558746896614,-0.6355478893928865,0.9337991034276054,-0.6584815435640281,LAKI - LAKI,MAHASISWA,BELUM MENIKAH,TEPAT,2.2225,-0.43000000000000016,0,1,0,0
-0.8096680666412808,-0.026010637445480853,-0.5276024391640785,-0.4350644821102211,-0.7790560185647855,0.4141538949890156,0.6190659467599106,-0.9078559752870059,-0.0718805756575693,PEREMPUAN,BEKERJA,BELUM MENIKAH,TERLAMBAT,2.35875,0.48,1,0,0,1
-0.22807281005365715,0.7761418261301364,0.3886395226460208,-0.049556582737328256,0.029743107710998983,0.4456791663689789,0.685098253925847,-0.9078559752870059,0.2757348127314436,PEREMPUAN,BEKERJA,BELUM MENIKAH,TERLAMBAT,2.60375,0.29000000000000004,1,0,0,1
-0.6885023881855261,0.7339232754156302,0.2698674164854527,0.15090752493657586,-0.8127559821596098,0.19347699532927273,0.9228145597232192,-0.9078559752870059,0.36263865982869686,PEREMPUAN,BEKERJA,MENIKAH,TERLAMBAT,2.525,0.6600000000000001,1,0,1,1
-0.6158029811120725,1.0716716811316787,0.9146302784999668,0.01212468116233465,-0.35780647362948104,0.19347699532927273,0.9624339440227809,-0.1940361773356062,0.4929944304745767,LAKI - LAKI,BEKERJA,BELUM MENIKAH,TERLAMBAT,2.7475,0.6599999999999997,0,0,0,1
-0.44617103127401586,-1.33478570959517,-1.5286816196602977,-0.7126301696587042,-1.2340055270949142,-0.783806417449588,-1.1902192695867544,0.12004453376300961,-1.3319863585677403,LAKI - LAKI,BEKERJA,BELUM MENIKAH,TERLAMBAT,2.08375,-1.04,0,0,0,1
0.01425854685785314,0.016207913269025313,0.5074116288065897,-0.31170195431089526,-0.9307058547414947,0.35110335222908906,0.8699887139904698,-0.9078559752870059,0.18883096563419038,PEREMPUAN,BEKERJA,BELUM MENIKAH,TERLAMBAT,2.4975,0.33000000000000007,1,0,0,1
0.3535224465339675,1.451638637562234,-0.3579280017918377,-0.6509489057590413,-1.0486557273233796,-0.5158416107199005,-0.820438349457509,-0.9078559752870059,-0.5715776964667749,LAKI - LAKI,BEKERJA,BELUM MENIKAH,TERLAMBAT,2.27125,-1.09,0,0,0,1
-1.9486254441253785,-2.390249477457824,-1.1214629699669199,-1.0672974370817656,-2.009104689775874,-0.6419426962397529,-0.47707035219463834,0.7267913620216995,-1.3102603967934263,LAKI - LAKI,BEKERJA,BELUM MENIKAH,TERLAMBAT,2.0725,0.1200000000000001,0,0,0,1
-0.7369686595678282,-1.081474405308134,-1.4947467321858496,-0.7126301696587042,-1.2340055270949142,0.1146638168793649,0.14363333516516666,0.13432092972203763,-0.6584815435640281,LAKI - LAKI,BEKERJA,BELUM MENIKAH,TERLAMBAT,2.28625,0.0900000000000003,0,0,0,1
0.9351177031215923,1.6205128404202587,0.5922488474927097,0.9990249035569405,0.9227921429738447,1.2968614936279865,0.9228145597232192,-0.9078559752870059,1.0578694366067218,PEREMPUAN,BEKERJA,BELUM MENIKAH,TERLAMBAT,2.9699999999999998,-0.010000000000000231,1,0,0,1
-1.9001591727430764,-0.23710339101801076,-0.985723420069128,-0.6509489057590413,-1.3519553996767992,-0.6419426962397529,-0.8864706566234455,-0.05127221774532631,-1.2016305879218603,PEREMPUAN,MAHASISWA,BELUM MENIKAH,TERLAMBAT,2.12,-0.20999999999999974,1,1,0,1
-0.22807281005365715,0.6283768986293643,-0.25612333936849324,-0.29628163833597987,-0.25670658284500786,-0.027199904330470176,0.27569794949704013,-0.9078559752870059,-0.0718805756575693,LAKI - LAKI,MAHASISWA,BELUM MENIKAH,TERLAMBAT,2.4299999999999997,-0.019999999999999574,0,1,0,1
0.11119108962245726,1.557185014348499,0.8128256160766223,1.1686483792810132,0.7542923249997228,0.8082197872385561,1.3190084027188391,-0.9078559752870059,0.9926915512837823,LAKI - LAKI,MAHASISWA,BELUM MENIKAH,TEPAT,2.94,0.6299999999999999,0,1,0,0
-0.22807281005365715,-3.6356967235357542,-1.0366257512808,-2.825213458222157,-2.110204580560347,-0.783806417449588,-1.8769552641124956,-0.9078559752870059,-2.6572700268008504,LAKI - LAKI,MAHASISWA,BELUM MENIKAH,TERLAMBAT,1.51375,-1.6499999999999997,0,1,0,1
-1.367030187537754,-1.4192228110241825,-1.8001607194558824,-1.7149507080282254,-2.4809041801034146,-1.3827865736688894,-1.1770128081535671,1.0123192812022592,-1.353712320342053,LAKI - LAKI,BEKERJA,BELUM MENIKAH,TERLAMBAT,1.9475,-0.6500000000000001,0,0,0,1
-0.7369686595678282,-1.3770042603096764,-1.2911374073391606,-0.7897317495332825,-1.638405090232806,-1.3354986665989448,-0.4902768136278254,0.6411329862675313,-0.680207505338341,LAKI - LAKI,BEKERJA,BELUM MENIKAH,TERLAMBAT,2.16125,-0.3899999999999997,0,0,0,1
-1.6578278158315662,-0.3215404924470231,-0.5954722141129747,-1.2060802808560067,-1.9754047261810495,0.004325367049493096,-0.10728943206539264,0.1414591277015516,-0.3760440404979556,LAKI - LAKI,BEKERJA,BELUM MENIKAH,TERLAMBAT,2.22375,0.28000000000000025,0,0,0,1
-0.05844086021559941,1.6838406664920176,0.47347674133214157,0.690618584058626,0.40044270725406717,0.5087297091289055,0.8567822525572828,-0.9078559752870059,0.7971578953149621,LAKI - LAKI,MAHASISWA,MENIKAH,TEPAT,2.78125,0.3500000000000001,0,1,1,0
-1.4397295946112074,-2.0102825210272686,-4.3792121675139395,-4.290143475839149,-4.351252159616166,-4.535313711665213,-1.137393423854005,0.31991407718940157,-3.352500803578876,LAKI - LAKI,BEKERJA,BELUM MENIKAH,TERLAMBAT,1.0037500000000001,-0.5899999999999999,0,0,0,1
-1.1489319663173951,-0.23710339101801076,0.2019976415365564,0.3359513166355646,0.804842270391959,0.19347699532927273,-2.524071874338675,-0.6580190460040161,-0.6584815435640281,LAKI - LAKI,MAHASISWA,BELUM MENIKAH,TEPAT,2.29125,-1.7599999999999998,0,1,0,0
-0.39770475989171383,-0.6592888981630725,0.2868348602226764,0.07380594506199756,-0.4420563826165416,0.4141538949890156,0.8039564068245334,-0.9078559752870059,-0.3108661551750152,LAKI - LAKI,MAHASISWA,BELUM MENIKAH,TERLAMBAT,2.48625,0.4500000000000002,0,1,0,1
0.01425854685785314,-0.23710339101801076,-0.018579127047356207,-0.08039721468715971,-0.6274061823880753,0.49296707343892343,-0.6091349665265118,-0.044134019765812306,-0.028428652108942687,PEREMPUAN,BEKERJA,BELUM MENIKAH,TERLAMBAT,2.5075,-0.79,1,0,0,1
-1.2700976447731498,-0.1315570142317458,-0.9178536451202318,-0.9285145933075236,-1.7732049446121034,-0.37397788951006544,-0.3714186607291396,0.7196531640421853,-0.9626450084044135,LAKI - LAKI,BEKERJA,BELUM MENIKAH,TERLAMBAT,2.315,-0.08000000000000007,0,0,0,1
-0.9793000164793374,-2.9179813613891503,-1.2572025198647125,-3.8737949445164253,-3.946852596478274,-2.5176963433475663,-2.4712460286059255,-0.7008482338811,-2.418284447283404,LAKI - LAKI,BEKERJA,BELUM MENIKAH,TERLAMBAT,1.1225,-1.79,0,0,0,1
0.9351177031215923,2.1482447243515854,1.270946596981672,1.276590591105423,1.529391487680683,1.344149400697931,1.5435182470830242,-0.9078559752870059,1.5141146338673006,PEREMPUAN,MAHASISWA,BELUM MENIKAH,TEPAT,3.1812500000000004,0.45999999999999996,1,1,0,0
-1.4881958659935084,0.691704724701124,-1.6983560570325384,-1.3757037565800798,-1.9417047625862254,-0.768043781759606,-1.0317417323885063,0.12718273174252362,-1.6361498234081255,LAKI - LAKI,BEKERJA,BELUM MENIKAH,TERLAMBAT,2.04875,-0.4900000000000002,0,0,0,1
-0.2765390814359581,-0.8492723763783497,-0.25612333936849324,0.12006689298674439,-1.8574548535991644,0.39839125929903363,-0.014844202033081509,-0.2796945530897742,-0.2674142316263886,PEREMPUAN,BEKERJA,BELUM MENIKAH,TERLAMBAT,2.37125,-0.2200000000000002,1,0,0,1
-1.3185639161554519,-0.08933846351723963,-0.4427652204779577,0.05838562908708149,-0.0545068012760616,0.28805280946916256,0.5794465624603488,1.5905133175428932,-0.4846738493695217,PEREMPUAN,BEKERJA,BELUM MENIKAH,TERLAMBAT,2.8525,0.6600000000000001,1,0,0,1
-0.5673367097297705,0.43839342041408697,-0.6463745453246466,0.19716847286132339,-0.3915064372243054,-0.106013082780378,-0.22614758496407905,-0.9078559752870059,-0.22396230807776196,PEREMPUAN,MAHASISWA,BELUM MENIKAH,TERLAMBAT,2.34875,-0.26000000000000023,1,1,0,1
-0.44617103127401586,0.16397284076979737,-0.4088303330035095,-0.5121660619847994,-1.2340055270949142,-0.3424526181301022,-1.137393423854005,-0.05127221774532631,-0.8757411613071612,PEREMPUAN,MAHASISWA,MENIKAH,TERLAMBAT,2.28125,-1.0,1,1,1,1
-0.2765390814359581,0.3961748696995808,0.1341278665876601,0.12006689298674439,-0.29040654643983227,-0.7049932389996795,-0.0676700477658309,-0.24400356319220418,-0.41949596404658124,PEREMPUAN,MAHASISWA,BELUM MENIKAH,TERLAMBAT,2.50375,-0.26000000000000023,1,1,0,1
-0.9793000164793374,0.6283768986293643,0.1341278665876601,-0.7126301696587042,0.23194288927994527,0.3195780808491258,0.20966564233110307,0.04152435598835573,-0.028428652108942687,LAKI - LAKI,MAHASISWA,BELUM MENIKAH,TERLAMBAT,2.61,0.23999999999999977,0,1,0,1
-0.34923848850941175,1.2616551593469567,-0.2900582268429414,-0.5121660619847994,-0.745356054969961,-0.2321141683002311,0.9228145597232192,0.07721534588592559,-0.0718805756575693,LAKI - LAKI,MAHASISWA,BELUM MENIKAH,TERLAMBAT,2.6225,0.52,0,1,0,1
1.3955472812534613,1.5782942897057526,1.1012721596094313,1.3691124869549172,0.9564921065686691,1.23381095086806,1.4114536327511507,-0.9078559752870059,1.4272107867700474,LAKI - LAKI,MAHASISWA,BELUM MENIKAH,TEPAT,3.1025,0.16999999999999993,0,1,0,0
-0.6885023881855261,0.20619139148430354,-0.3409605580546132,-0.08039721468715971,-0.8970058911466704,0.42991653067899693,-0.38462512216232664,1.162221438772053,0.10192711853693716,LAKI - LAKI,BEKERJA,BELUM MENIKAH,TERLAMBAT,2.6812500000000004,-0.3299999999999996,0,0,0,1
0.3535224465339675,0.48061197112859316,-0.0016116833101325076,0.5518357402843848,-0.18930665565535912,0.7924571515485742,-0.08087650919901795,-0.2796945530897742,0.14537904208556376,LAKI - LAKI,BEKERJA,BELUM MENIKAH,TERLAMBAT,2.685,-0.5299999999999998,0,0,0,1
2.1952407590614436,2.1060261736370793,0.4565092975949171,1.3074312230552543,1.7315912692496291,1.470250486217784,1.5435182470830242,-0.9078559752870059,1.5358405956416146,LAKI - LAKI,MAHASISWA,BELUM MENIKAH,TEPAT,3.21125,-0.05999999999999961,0,1,0,0
1.9044431307676324,2.422665303995875,1.3388163719305681,1.615837542553569,1.7315912692496291,1.7697405643274349,1.741615168580834,-0.9078559752870059,1.8834559840306264,PEREMPUAN,MAHASISWA,BELUM MENIKAH,TEPAT,3.3475,0.20999999999999996,1,1,0,0
0.23235676807821293,1.451638637562234,0.49044418506936527,0.27427005273590166,0.6700424160126622,1.3756746720778943,0.8699887139904698,-0.9078559752870059,0.9492396277351557,PEREMPUAN,BEKERJA,BELUM MENIKAH,TERLAMBAT,2.84,0.23999999999999977,1,0,0,1
0.0627248182401552,-0.21599411566075813,0.9315977222371912,0.5672560562593001,0.1645429620902965,0.19347699532927273,0.43417548669528766,-0.9078559752870059,0.18883096563419038,LAKI - LAKI,MAHASISWA,BELUM MENIKAH,TERLAMBAT,2.61625,-0.020000000000000018,0,1,0,1
-4.299239606167026,-2.0525010717417747,-3.7174818617622014,-1.6686897601034782,-1.4699052722586845,-2.1709183581679707,-1.3619032682181897,-0.2796945530897742,-1.4406161674393063,LAKI - LAKI,BEKERJA,BELUM MENIKAH,TERLAMBAT,1.3900000000000001,0.41999999999999993,0,0,0,1
0.5958538034454778,-0.9126002024501094,-0.833016426434111,-0.7897317495332825,-0.35780647362948104,-0.027199904330470176,-0.5431026593605748,-0.9078559752870059,-0.39777000227226844,PEREMPUAN,BEKERJA,BELUM MENIKAH,TERLAMBAT,2.21375,-0.98,1,0,0,1
0.4746881249897221,-0.9759280285218682,0.8297930598138468,-0.4350644821102211,0.09714303490064774,-0.7522811460696247,-1.137393423854005,-0.9078559752870059,-0.39777000227226844,PEREMPUAN,MAHASISWA,BELUM MENIKAH,TEPAT,2.2750000000000004,-1.38,1,1,0,0
2.074075080605689,1.662731391134765,1.1861093782955519,1.276590591105423,1.7652912328444534,1.0288966868982983,-0.14690881636495498,-0.9078559752870059,1.6444704045131806,PEREMPUAN,BEKERJA,BELUM MENIKAH,TEPAT,3.0374999999999996,-1.29,1,0,0,0
0.3535224465339675,0.03731718862627887,1.1352070470838793,0.7368795319833727,1.7652912328444534,0.7136439730986663,-0.13370235493176733,-0.9078559752870059,0.9492396277351557,LAKI - LAKI,MAHASISWA,BELUM MENIKAH,TEPAT,2.78125,-0.5699999999999998,0,1,0,0
-0.22807281005365715,-0.5959610720913137,0.1341278665876601,-0.11123784663699117,-0.23985660104759532,0.24076490239921727,0.6983047153590346,-0.9078559752870059,-0.09360653743188213,LAKI - LAKI,MAHASISWA,BELUM MENIKAH,TEPAT,2.46375,0.30000000000000027,0,1,0,0
0.5231543963720242,0.18508211612704997,1.1521744908211038,0.01212468116233465,-0.34095649183206844,0.19347699532927273,-1.5071743439832506,-0.015581227847756295,0.232282889182817,LAKI - LAKI,BEKERJA,BELUM MENIKAH,TERLAMBAT,2.57,-1.68,0,0,0,1
-0.5188704383474684,-1.187020782094399,-0.9178536451202318,-0.8514130134329454,-0.863305927551846,-0.20058889692026782,-0.13370235493176733,-0.9078559752870059,-0.6367555817897144,PEREMPUAN,MAHASISWA,BELUM MENIKAH,TERLAMBAT,2.11625,-0.20999999999999996,1,1,0,1
1.6136455024738199,1.4094200868477278,1.4745559218283608,1.1378077473311816,1.344041687909149,0.9343208727584092,-0.3714186607291396,-0.9078559752870059,1.3837588632214208,LAKI - LAKI,MAHASISWA,BELUM MENIKAH,TEPAT,2.94875,-1.27,0,1,0,0
-1.3185639161554519,0.10064501469803765,-0.3409605580546132,-0.496745746009884,-0.475756346211366,-1.1936349453891097,0.14363333516516666,-0.9078559752870059,-0.6150296200154015,LAKI - LAKI,MAHASISWA,BELUM MENIKAH,TERLAMBAT,2.19875,0.33000000000000007,0,1,0,1
0.692786346210082,-0.6592888981630725,0.8297930598138468,-0.0032956348125814205,-0.4420563826165416,0.35110335222908906,0.47379487099485,-0.9078559752870059,0.08020115676262433,PEREMPUAN,BEKERJA,BELUM MENIKAH,TEPAT,2.54,-0.25,1,0,0,0
-1.4881958659935084,-1.6514248399539668,-1.9698351568281232,-1.2831818607305854,-0.9644058183363191,-1.8083777372983934,-1.8505423412461213,-0.4724258985366521,-1.7230536705053787,PEREMPUAN,BEKERJA,BELUM MENIKAH,TERLAMBAT,1.7049999999999998,-1.1100000000000003,1,0,0,1
-2.530220700713002,-2.3480309267433177,-4.022895849032235,-4.012577788290666,-2.7168039252671856,-2.6753227002473827,-3.157982023131667,-0.9078559752870059,-4.026005618582587,LAKI - LAKI,BEKERJA,BELUM MENIKAH,TERLAMBAT,0.8387499999999999,-1.67,0,0,0,1
-1.0277662878616394,-1.4192228110241825,0.08322553537598824,-0.7588911175834511,0.09714303490064774,-1.8083777372983934,-1.6392389583151237,-0.8150594015533239,-0.9843709701787272,PEREMPUAN,MAHASISWA,BELUM MENIKAH,TEPAT,1.975,-1.1400000000000001,1,1,0,0
-0.8581343380235829,-0.8070538256638435,-0.2221884518940451,-0.17291911053665407,-0.6611061459828997,0.24076490239921727,-0.13370235493176733,-0.9078559752870059,-0.3108661551750152,LAKI - LAKI,BEKERJA,BELUM MENIKAH,TERLAMBAT,2.2775,-0.06999999999999984,0,0,0,1
1.3228478741800076,0.4595026957713396,1.3388163719305681,0.8756623757576146,0.6194924706204252,0.42991653067899693,-0.701580196558823,-0.9078559752870059,0.7537059717663355,LAKI - LAKI,MAHASISWA,BELUM MENIKAH,TEPAT,2.72125,-1.4,0,1,0,0
0.8139520246658365,0.2906284929133159,1.4066861468794645,1.4770546987793276,1.242941797124676,1.1865230437981147,-0.5298961979273877,-0.9078559752870059,1.036143474832409,LAKI - LAKI,MAHASISWA,BELUM MENIKAH,TEPAT,2.86125,-1.06,0,1,0,0
1.2259153314154034,1.2405458839897032,1.2370117095072237,1.5387359626789898,1.5630914512755072,1.123472501038188,-0.47707035219463834,-0.9078559752870059,1.362032901447108,PEREMPUAN,MAHASISWA,BELUM MENIKAH,TEPAT,2.955,-1.19,1,1,0,0
0.9351177031215923,0.6705954493438704,0.9146302784999668,0.7985607958830357,0.7879922885945472,0.9816087798283538,-0.5959285050933242,-0.9078559752870059,0.9492396277351557,PEREMPUAN,MAHASISWA,BELUM MENIKAH,TEPAT,2.7424999999999997,-1.1600000000000001,1,1,0,0
-1.560895273066962,-1.6514248399539668,-3.530839980652737,-3.596229256967942,-2.5314541254956513,-3.857520376996004,-2.8278204873019837,,-3.417678688901815,PEREMPUAN,MAHASISWA,BELUM MENIKAH,TEPAT,1.087142857142857,-1.8199999999999998,1,1,0,0
-0.7369686595678282,-1.4192228110241825,-0.3409605580546132,-0.5584270099095469,0.6700424160126622,-1.8714282800583197,0.3285237952297889,-0.2654181571307462,-0.6584815435640281,PEREMPUAN,BEKERJA,BELUM MENIKAH,TERLAMBAT,2.295,0.22999999999999998,1,0,0,1
-2.8694846003891166,-1.5036599124531949,-2.377053806521501,-3.164460409670302,-0.07135678307347341,-0.8783822315894778,-0.5563091207937624,0.4912308286977375,-0.897467123081474,LAKI - LAKI,BEKERJA,BELUM MENIKAH,TERLAMBAT,1.89125,0.43999999999999995,0,0,0,1
0.692786346210082,0.7761418261301364,0.1341278665876601,1.3074312230552543,1.1418419063402028,0.4456791663689789,0.037981643699667875,-0.9078559752870059,1.1013213601553484,LAKI - LAKI,BEKERJA,BELUM MENIKAH,TERLAMBAT,2.76375,-0.5800000000000001,0,0,0,1
-1.2700976447731498,-0.34264976780427664,0.23593252901100453,-0.6201082738092099,-0.8970058911466704,0.39839125929903363,-1.1109805009876303,-0.9078559752870059,-0.5063998111438345,PEREMPUAN,BEKERJA,BELUM MENIKAH,TERLAMBAT,2.18375,-0.6400000000000001,1,0,0,1
-0.39770475989171383,-0.9548187531646156,0.5583139600182616,0.7214592160084574,0.1645429620902965,0.9343208727584092,0.5530336395939741,-0.9078559752870059,0.40609058337732346,LAKI - LAKI,BEKERJA,BELUM MENIKAH,TERLAMBAT,2.6037500000000002,0.26000000000000023,0,0,0,1
1.5651792310915178,1.451638637562234,1.3727512594050164,1.6775188064532318,1.5630914512755072,1.3914373077678757,1.1737373269537785,1.5905133175428932,1.5792925191902412,PEREMPUAN,BEKERJA,BELUM MENIKAH,TERLAMBAT,3.62125,-0.08000000000000007,1,0,0,1
1.2743816027977055,0.5017212464858458,1.2370117095072237,0.9373436396572776,1.242941797124676,1.1865230437981147,0.3417302566629766,-0.22972716723317624,0.9057877041865291,LAKI - LAKI,BEKERJA,BELUM MENIKAH,TERLAMBAT,3.0425,-0.5899999999999999,0,0,0,1
-0.5188704383474684,0.03731718862627887,-1.9528677130908991,-0.4350644821102211,-0.35780647362948104,-1.1936349453891097,-0.5563091207937624,-0.5509460763113061,-1.3754382821163669,LAKI - LAKI,BEKERJA,BELUM MENIKAH,TERLAMBAT,2.1275,-0.5300000000000002,0,0,0,1
0.01425854685785314,1.1561087825606908,1.1012721596094313,0.9219233236823615,1.0070420519609053,1.1865230437981147,0.7907499453913458,-0.9078559752870059,0.6668021246690832,LAKI - LAKI,BEKERJA,BELUM MENIKAH,TERLAMBAT,2.91125,0.27,0,0,0,1
-0.6885023881855261,-1.3558949849524238,0.015355760427091943,-1.3448631246302483,-0.8296059639570216,-0.32668998244012093,-0.2921798921300155,-0.9078559752870059,-0.8757411613071612,LAKI - LAKI,MAHASISWA,BELUM MENIKAH,TERLAMBAT,2.10375,-0.2599999999999998,0,1,0,1
-0.8096680666412808,-0.0049013620882273,0.4395418538576934,-0.17291911053665407,0.21509290748253346,0.5402549805088687,0.5530336395939741,-0.9078559752870059,0.015023271439683928,LAKI - LAKI,MAHASISWA,BELUM MENIKAH,TERLAMBAT,2.5300000000000002,0.43000000000000016,0,1,0,1
-1.560895273066962,-0.8914909270928558,-0.5954722141129747,-0.3733832182105582,-0.9307058547414947,-0.6419426962397529,-0.13370235493176733,-0.636604452065474,-1.0060969319530402,LAKI - LAKI,BEKERJA,BELUM MENIKAH,TERLAMBAT,2.15,0.2200000000000002,0,0,0,1
-0.8581343380235829,-1.3558949849524238,-1.0196583075435761,-0.6201082738092099,-1.4699052722586845,-1.240922852459055,0.09080748943241726,-0.9078559752870059,-1.0060969319530402,PEREMPUAN,BEKERJA,BELUM MENIKAH,TERLAMBAT,1.99375,0.10000000000000009,1,0,0,1
0.4746881249897221,0.5017212464858458,-0.18825356441959695,-0.17291911053665407,0.6363424524178378,0.6978813374086844,-0.5166897364942001,1.947423216518593,0.4712684687002629,LAKI - LAKI,MAHASISWA,BELUM MENIKAH,TEPAT,3.0225,-0.9099999999999997,0,1,0,0
-1.8274597656696228,-0.3004312170897705,0.25289997274822823,-0.9439349092824397,-0.5937062187932509,-1.4300744807388344,-1.0713611166880683,-0.9078559752870059,-1.46234212921362,LAKI - LAKI,BEKERJA,BELUM MENIKAH,TERLAMBAT,2.01375,-0.3800000000000001,0,0,0,1
0.4019887179162696,0.4595026957713396,1.2370117095072237,1.21490932720576,1.3777416515039735,0.9343208727584092,-0.47707035219463834,-0.9078559752870059,0.9709655895094685,PEREMPUAN,MAHASISWA,BELUM MENIKAH,TEPAT,2.8112500000000002,-0.8500000000000001,1,1,0,0
1.1532159243419509,-0.7015074488775785,1.4066861468794645,1.1378077473311816,1.1081419427453785,0.9343208727584092,0.24928502663066543,-0.9078559752870059,0.9057877041865291,PEREMPUAN,MAHASISWA,BELUM MENIKAH,TEPAT,2.83625,-0.6099999999999999,1,1,0,0
0.0627248182401552,-0.0049013620882273,1.016434940923311,0.3359513166355646,0.1982429256851209,0.49296707343892343,0.7907499453913458,-0.9078559752870059,0.232282889182817,LAKI - LAKI,MAHASISWA,BELUM MENIKAH,TEPAT,2.6762499999999996,0.25,0,1,0,0
0.11119108962245726,-1.4192228110241825,-0.7142443202735429,-0.6972098536837881,-0.5600062551984265,-0.5000789750299185,0.27569794949704013,-0.9078559752870059,-0.6584815435640281,PEREMPUAN,BEKERJA,BELUM MENIKAH,TERLAMBAT,2.2,-0.1599999999999997,1,0,0,1
-0.22807281005365715,-1.3136764342379175,-0.2221884518940451,-2.809793142247241,-2.110204580560347,-2.7856611500772535,-3.34287248319629,-0.722262827819642,-2.3096546384118377,LAKI - LAKI,BEKERJA,BELUM MENIKAH,TERLAMBAT,1.4475,-2.76,0,0,0,1
-1.100465694935093,-1.4825506370959423,-0.1373512332079251,0.4130528965101429,0.08029305310323592,0.19347699532927273,-0.8336448108906964,-0.9078559752870059,0.03674923321399772,LAKI - LAKI,MAHASISWA,BELUM MENIKAH,TEPAT,2.26375,-0.5,0,1,0,0
-0.10690713159790147,0.10064501469803765,0.5074116288065897,-1.1443990169563438,-1.5036052358535088,-2.2970194436878235,-2.590104181504612,0.44126344284113944,-0.9626450084044135,LAKI - LAKI,BEKERJA,BELUM MENIKAH,TERLAMBAT,2.085,-2.24,0,0,0,1
-0.44617103127401586,0.22730066684155614,1.1182396033466557,0.5980966882091316,0.7205923614048985,0.49296707343892343,-0.3185928149963902,-0.9078559752870059,0.7971578953149621,PEREMPUAN,MAHASISWA,BELUM MENIKAH,TEPAT,2.62625,-0.3799999999999999,1,1,0,0
0.5231543963720242,-0.2793219417325169,0.8976628347627431,-0.32712227028581137,0.029743107710998983,-0.04296254002045146,-0.741199580858385,-0.9078559752870059,0.2105569274085032,LAKI - LAKI,MAHASISWA,BELUM MENIKAH,TEPAT,2.42125,-1.0999999999999999,0,1,0,0
-0.10690713159790147,0.26951921755606234,0.5922488474927097,0.07380594506199756,-0.13875671026312217,0.5875428875788132,0.48700133242803706,-0.9078559752870059,0.232282889182817,PEREMPUAN,MAHASISWA,BELUM MENIKAH,TEPAT,2.585,0.08999999999999986,1,1,0,0
1.1532159243419509,1.0294531304171723,1.5424256967772572,1.0452858514816874,1.5967914148703315,-0.20058889692026782,-0.09408297063220558,-0.1940361773356062,0.8188838570892758,LAKI - LAKI,BEKERJA,MENIKAH,TERLAMBAT,2.98,-0.8700000000000001,0,0,1,1
0.8624182960481386,0.8816882029164013,1.30488148445612,1.0761264834315187,0.5857925070256009,1.123472501038188,-0.47707035219463834,-0.9078559752870059,1.0795953983810356,PEREMPUAN,MAHASISWA,BELUM MENIKAH,TEPAT,2.81,-1.04,1,1,0,0
-0.8096680666412808,-1.5880970138822073,0.3207697476971245,-0.820572381483114,-1.2340055270949142,-2.1709183581679707,-2.392007260006802,-0.13693059349949419,-1.0712748172759805,LAKI - LAKI,MAHASISWA,BELUM MENIKAH,TERLAMBAT,1.90875,-1.8,0,1,0,1
0.4019887179162696,0.03731718862627887,0.16806275406210824,-1.2369209128058383,-1.3182554360819747,-0.9887206814193489,-0.9392965023561949,0.6125801943494754,-0.788837314209908,LAKI - LAKI,BEKERJA,BELUM MENIKAH,TERLAMBAT,2.37875,-1.2,0,0,0,1
-1.778993494287321,-1.250348608166158,-0.4427652204779577,-1.1289787009814285,-0.8970058911466704,-0.8468569602095145,-0.014844202033081509,-0.5223932843932501,-1.0060969319530402,LAKI - LAKI,BEKERJA,BELUM MENIKAH,TERLAMBAT,2.085,0.3999999999999999,0,0,0,1
-0.7369686595678282,-0.5959610720913137,0.2868348602226764,-0.049556582737328256,-0.0545068012760616,-1.2724481238390184,0.19645918089791603,1.2764326064442773,-0.5933036582410878,LAKI - LAKI,BEKERJA,BELUM MENIKAH,TERLAMBAT,2.6825,0.13000000000000034,0,0,0,1
0.01425854685785314,-0.06822918815998702,1.1352070470838793,0.01212468116233465,0.029743107710998983,0.49296707343892343,-0.014844202033081509,-0.9078559752870059,0.10192711853693716,PEREMPUAN,MAHASISWA,BELUM MENIKAH,TEPAT,2.5637499999999998,-0.33999999999999986,1,1,0,0
0.3535224465339675,-0.06822918815998702,0.47347674133214157,-0.4350644821102211,-0.020806837681237214,0.03585063842945637,0.2889044109302272,-0.9078559752870059,0.6233502011204566,LAKI - LAKI,MAHASISWA,BELUM MENIKAH,TEPAT,2.485,-0.25,0,1,0,0
0.23235676807821293,-1.545878463167701,0.25289997274822823,-0.7588911175834511,-0.745356054969961,-1.4773623878087792,-1.0449481938216936,0.36988146304599956,-0.6367555817897144,LAKI - LAKI,BEKERJA,BELUM MENIKAH,TERLAMBAT,2.2725,-1.2100000000000002,0,0,0,1
0.11119108962245726,-1.3136764342379175,0.4395418538576934,0.21258878883623875,-0.8970058911466704,-0.5473668820998638,-1.454348498250501,0.5197836206157935,-0.332592116949329,LAKI - LAKI,BEKERJA,BELUM MENIKAH,TERLAMBAT,2.4225,-1.47,0,0,0,1
-0.05844086021559941,-1.545878463167701,0.3547046351715727,-0.049556582737328256,-0.863305927551846,0.19347699532927273,0.20966564233110307,-0.9078559752870059,-0.09360653743188213,LAKI - LAKI,BEKERJA,BELUM MENIKAH,TERLAMBAT,2.3412499999999996,-0.14000000000000012,0,0,0,1
-0.2765390814359581,-0.8914909270928558,0.3547046351715727,-0.049556582737328256,-0.0545068012760616,-0.027199904330470176,0.46058840956166236,-0.9078559752870059,-0.006702690334628897,PEREMPUAN,MAHASISWA,BELUM MENIKAH,TEPAT,2.4349999999999996,0.13999999999999968,1,1,0,0
0.9351177031215923,0.03731718862627887,1.016434940923311,-0.17291911053665407,0.3330427800644184,-0.5946547891698084,-1.137393423854005,-0.9078559752870059,-0.09360653743188213,LAKI - LAKI,MAHASISWA,BELUM MENIKAH,TEPAT,2.42375,-1.5700000000000003,0,1,0,0
0.8624182960481386,0.07953573934078503,1.1012721596094313,0.3051106846857331,0.5520925434307765,0.3038154451591438,-1.3619032682181897,-0.9078559752870059,0.18883096563419038,PEREMPUAN,MAHASISWA,BELUM MENIKAH,TERLAMBAT,2.53375,-1.71,1,1,0,1
-0.15537340298020352,-0.7859445503065909,0.1341278665876601,-0.15749879456173801,-1.132905636310441,-0.3424526181301022,-0.3185928149963902,-0.679433639942558,-0.4846738493695217,LAKI - LAKI,MAHASISWA,BELUM MENIKAH,TERLAMBAT,2.28375,-0.5,0,1,0,1
-0.5673367097297705,-0.36375904316152924,0.2868348602226764,-0.3733832182105582,-0.745356054969961,-1.09905913124922,-0.10728943206539264,-0.9078559752870059,-0.20223634630344914,PEREMPUAN,MAHASISWA,BELUM MENIKAH,TERLAMBAT,2.23,-0.16999999999999993,1,1,0,1
0.4019887179162696,-0.4904146953050478,0.8637279472882949,0.10464657701182901,-0.3241065100346566,0.6033055232687945,0.8699887139904698,-0.9078559752870059,0.5147203922488895,LAKI - LAKI,MAHASISWA,BELUM MENIKAH,TEPAT,2.6125,0.16999999999999993,0,1,0,0
0.4019887179162696,-0.5537425213768075,1.2539791532444482,-0.23460037443631698,0.6194924706204252,0.6978813374086844,-0.30538635356320315,-0.9078559752870059,0.7319800099920226,LAKI - LAKI,MAHASISWA,BELUM MENIKAH,TERLAMBAT,2.57625,-0.7200000000000002,0,1,0,1
-0.5188704383474684,-1.250348608166158,-1.4947467321858496,-2.6710102984729995,-0.4252064008191298,-2.817186421457217,-2.088258647043493,-0.73653922377867,-2.1792988677659584,PEREMPUAN,BEKERJA,BELUM MENIKAH,TERLAMBAT,1.5925000000000002,-1.6900000000000002,1,0,0,1
-0.22807281005365715,-2.8968720860318973,0.3547046351715727,-1.082717753056681,-1.5878551448405693,-0.8783822315894778,-0.6355478893928865,0.39129605698454156,-0.8757411613071612,LAKI - LAKI,BEKERJA,BELUM MENIKAH,TERLAMBAT,2.1775,-0.71,0,0,0,1
-0.7369686595678282,-0.9548187531646156,-0.1373512332079251,-0.6509489057590413,0.029743107710998983,-0.32668998244012093,-0.014844202033081509,-0.9078559752870059,-0.15878442275482255,PEREMPUAN,BEKERJA,BELUM MENIKAH,TERLAMBAT,2.26,-0.029999999999999805,1,0,0,1
1.3955472812534613,0.2906284929133159,1.1012721596094313,0.7677201639332042,0.9564921065686691,1.0761845939682437,-0.437450967895076,-0.9078559752870059,0.9057877041865291,PEREMPUAN,MAHASISWA,BELUM MENIKAH,TEPAT,2.79,-1.23,1,1,0,0
-0.8581343380235829,-0.3004312170897705,-0.10341634573347695,-0.4350644821102211,-0.863305927551846,-0.6892306033096982,-0.7676125037247596,-0.9078559752870059,-0.6150296200154015,LAKI - LAKI,BEKERJA,BELUM MENIKAH,TERLAMBAT,2.14625,-0.55,0,0,0,1
0.3535224465339675,-1.081474405308134,0.5922488474927097,-0.0032956348125814205,-0.5600062551984265,-0.09025044709039672,0.10401395086560432,0.16287372164009364,0.1671050038598766,PEREMPUAN,MAHASISWA,BELUM MENIKAH,TEPAT,2.5887499999999997,-0.3900000000000001,1,1,0,0
0.3535224465339675,-0.9126002024501094,-0.10341634573347695,-0.15749879456173801,-0.8127559821596098,-0.37397788951006544,0.3549367180961636,-0.9078559752870059,0.08020115676262433,PEREMPUAN,BEKERJA,BELUM MENIKAH,TERLAMBAT,2.3299999999999996,-0.20000000000000018,1,0,0,1
1.1532159243419509,-0.4481961445905416,0.6770860661788297,-0.15749879456173801,0.21509290748253346,-0.5473668820998638,-0.45065742932826364,-0.9078559752870059,-0.44122192582089503,PEREMPUAN,MAHASISWA,BELUM MENIKAH,TEPAT,2.4425,-1.1400000000000001,1,1,0,0
1.2743816027977055,-0.06822918815998702,1.1691419345583276,0.5055747923596372,1.074441979150554,0.6978813374086844,-0.3450057378627649,-0.9078559752870059,0.7754319335406492,LAKI - LAKI,BEKERJA,BELUM MENIKAH,TERLAMBAT,2.7337499999999997,-1.1099999999999999,0,0,0,1
0.6443200748277799,0.03731718862627887,0.9315977222371912,0.47473416040980576,0.5857925070256009,0.09890118118938292,0.3021108723634142,-0.9078559752870059,0.6233502011204566,PEREMPUAN,MAHASISWA,BELUM MENIKAH,TEPAT,2.665,-0.3600000000000003,1,1,0,0
0.18389049669591087,-0.2582126663752643,0.8297930598138468,0.01212468116233465,-0.20615663745277094,-0.5946547891698084,0.20966564233110307,0.04152435598835573,-0.11533249920619591,PEREMPUAN,BEKERJA,BELUM MENIKAH,TERLAMBAT,2.6225,-0.2400000000000002,1,0,0,1
-1.100465694935093,-1.9469546949555097,-0.8669513139085592,-0.7126301696587042,-0.5094563098061904,0.3038154451591438,-0.2393540463972661,-0.73653922377867,-1.13645270259892,LAKI - LAKI,MAHASISWA,BELUM MENIKAH,TEPAT,2.1425,-0.04999999999999982,0,1,0,0
0.8624182960481386,-0.8703816517356032,1.2879140407188965,0.6443576361338791,1.4282915968962098,0.051613274119438356,-0.7676125037247596,-0.37249112682345614,0.3191867362800702,LAKI - LAKI,MAHASISWA,BELUM MENIKAH,TEPAT,2.71375,-1.26,0,1,0,0
0.7654857532835345,-0.7015074488775785,0.8976628347627431,0.5980966882091316,0.1645429620902965,0.24076490239921727,0.4473819481284753,-0.9078559752870059,0.6450761628947693,PEREMPUAN,BEKERJA,BELUM MENIKAH,TERLAMBAT,2.62875,-0.2999999999999998,1,0,0,1
0.18389049669591087,-1.187020782094399,-0.4088303330035095,-0.5121660619847994,0.18139294388770907,0.55601761619885,-0.47707035219463834,0.20570290951717765,-0.2674142316263886,LAKI - LAKI,BEKERJA,BELUM MENIKAH,TERLAMBAT,2.5175,-0.7600000000000002,0,0,0,1
0.5231543963720242,-0.5537425213768075,0.04929064790154009,-1.838313235827551,-3.0875035248102534,-3.03786332111696,-0.8468512723238838,0.5840274024314194,-0.6150296200154015,PEREMPUAN,BEKERJA,BELUM MENIKAH,TERLAMBAT,2.0025,-1.18,1,0,0,1
0.23235676807821293,-0.5959610720913137,0.7110209536532779,0.15090752493657586,-0.35780647362948104,-1.9187161871282647,-0.25256050783045375,-0.9078559752870059,0.015023271439683928,PEREMPUAN,BEKERJA,BELUM MENIKAH,TERLAMBAT,2.28125,-0.6100000000000003,1,0,0,1
-0.9066006094058848,-1.545878463167701,-1.4438444009741778,-2.886894722121819,-2.295554380331881,-2.2182062652379155,-2.312768491407678,0.1414591277015516,-2.027217135345765,LAKI - LAKI,BEKERJA,BELUM MENIKAH,TERLAMBAT,1.5825,-1.7,0,0,0,1
-0.5188704383474684,-2.538014404958595,-2.8691096749009986,-3.0102572499211453,-2.817903816051658,-2.391595257827713,-1.7845100340801845,-0.636604452065474,-2.961433491641236,LAKI - LAKI,BEKERJA,BELUM MENIKAH,TERLAMBAT,1.29,-1.4600000000000002,0,0,0,1
-0.22807281005365715,-1.0181465792363744,0.5922488474927097,-0.31170195431089526,-0.7116560913751366,-0.32668998244012093,0.3945561023957259,-0.9078559752870059,-0.24568826985207576,LAKI - LAKI,BEKERJA,BELUM MENIKAH,TERLAMBAT,2.3475,0.07000000000000028,0,0,0,1
-0.22807281005365715,-0.8281631010210971,-1.0196583075435761,-0.9901958572071866,-1.0486557273233796,-1.650751380398577,-0.18652820066451672,-0.5081168884342221,-0.7453853906612814,LAKI - LAKI,MAHASISWA,BELUM MENIKAH,TERLAMBAT,2.07,-0.36999999999999966,0,1,0,1
0.9835839745038932,-0.1315570142317458,0.5074116288065897,-0.034136266762412874,0.5520925434307765,-0.452791067959974,0.3285237952297889,-0.9078559752870059,0.38436462160300966,PEREMPUAN,MAHASISWA,BELUM MENIKAH,TEPAT,2.5562499999999995,-0.48,1,1,0,0
-0.5673367097297705,-1.1236929560226403,-1.0196583075435761,-1.3448631246302483,-2.025954671573286,-1.7610898302284483,-1.6788583426146857,-0.672295441963044,-1.7230536705053787,PEREMPUAN,MAHASISWA,BELUM MENIKAH,TERLAMBAT,1.755,-1.36,1,1,0,1
0.9835839745038932,0.4595026957713396,1.0843047158722074,0.7677201639332042,1.5967914148703315,0.004325367049493096,0.47379487099485,-0.9078559752870059,1.0795953983810356,LAKI - LAKI,BEKERJA,BELUM MENIKAH,TERLAMBAT,2.82625,-0.36999999999999966,0,0,0,1
0.11119108962245726,-0.3004312170897705,0.16806275406210824,-0.40422385016038964,-0.6274061823880753,0.14618908825932816,0.48700133242803706,-0.9078559752870059,0.015023271439683928,LAKI - LAKI,BEKERJA,BELUM MENIKAH,TERLAMBAT,2.42125,0.0,0,0,0,1
0.3535224465339675,-0.6592888981630725,-0.3409605580546132,-0.5738473258844623,-0.5094563098061904,-1.8871909157483013,-1.692064804047873,-0.9078559752870059,-0.8540151995328474,LAKI - LAKI,BEKERJA,BELUM MENIKAH,TERLAMBAT,2.0025,-1.75,0,0,0,1
-0.7369686595678282,-0.8281631010210971,-0.018579127047356207,0.05838562908708149,-0.5094563098061904,-0.027199904330470176,0.3945561023957259,-0.9078559752870059,0.058475194988310546,LAKI - LAKI,BEKERJA,BELUM MENIKAH,TERLAMBAT,2.35625,0.28000000000000025,0,0,0,1
-0.22807281005365715,-0.4904146953050478,0.4056069663832453,-0.6972098536837881,-0.25670658284500786,-0.027199904330470176,-0.2657669692636408,-0.9078559752870059,-0.028428652108942687,LAKI - LAKI,BEKERJA,BELUM MENIKAH,TERLAMBAT,2.3287500000000003,-0.4299999999999997,0,0,0,1
1.3228478741800076,-0.06822918815998702,0.9315977222371912,0.3976325805352275,0.7205923614048985,0.8239824229285374,0.5002077938612247,-0.9078559752870059,0.5364463540232033,PEREMPUAN,MAHASISWA,BELUM MENIKAH,TEPAT,2.7737499999999997,-0.48999999999999977,1,1,0,0
0.8139520246658365,0.07953573934078503,0.5583139600182616,-0.496745746009884,0.8216922521893716,0.3195780808491258,-1.1505998852871924,1.2336034185671931,0.18883096563419038,LAKI - LAKI,MAHASISWA,BELUM MENIKAH,TEPAT,2.8425000000000002,-1.53,0,1,0,0
1.6136455024738199,-0.17377556494625196,0.8637279472882949,0.22800910481115483,0.21509290748253346,0.9816087798283538,0.36814317952935127,-0.2796945530897742,0.6668021246690832,LAKI - LAKI,BEKERJA,BELUM MENIKAH,TERLAMBAT,2.8362499999999997,-0.71,0,0,0,1
2.074075080605689,1.8316055939927895,1.7969373528356178,1.7392000703528947,1.849541141831514,1.4860131219077655,1.6095505542489605,1.947423216518593,1.9051819458049402,PEREMPUAN,MAHASISWA,BELUM MENIKAH,TEPAT,3.83875,0.040000000000000036,1,1,0,0
-1.3185639161554519,-1.187020782094399,0.3547046351715727,-0.9439349092824397,-0.23985660104759532,0.004325367049493096,0.1832527194647284,-0.9078559752870059,-0.13705846098050875,PEREMPUAN,BEKERJA,BELUM MENIKAH,TERLAMBAT,2.25375,0.3599999999999999,1,0,0,1
1.5651792310915178,0.4595026957713396,0.8467605035510705,0.22800910481115483,0.8722421975816077,0.571780251888832,1.1341179426542167,-0.9078559752870059,0.8623357806379024,LAKI - LAKI,BEKERJA,BELUM MENIKAH,TERLAMBAT,2.84875,-0.10999999999999988,0,0,0,1
1.1532159243419509,0.5017212464858458,1.4745559218283608,1.21490932720576,1.7652912328444534,0.38262862360905237,-0.7940254265911344,-0.9078559752870059,1.2099511690269154,PEREMPUAN,MAHASISWA,BELUM MENIKAH,TEPAT,2.825,-1.4000000000000001,1,1,0,0
0.3050561751516655,-0.1315570142317458,1.2030768220327757,0.5980966882091316,1.0070420519609053,1.2495735865580413,-0.18652820066451672,-0.9078559752870059,0.8406098188635887,PEREMPUAN,MAHASISWA,BELUM MENIKAH,TEPAT,2.74375,-0.5899999999999999,1,1,0,0
1.2743816027977055,0.07953573934078503,0.8976628347627431,0.3051106846857331,0.8216922521893716,0.5244923448188867,0.037981643699667875,-0.9078559752870059,0.5798982775718299,PEREMPUAN,MAHASISWA,BELUM MENIKAH,TEPAT,2.71,-0.8199999999999998,1,1,0,0
1.2743816027977055,0.5650490725576055,1.0503698283977594,0.5055747923596372,-0.020806837681237214,0.776694515858593,0.7115111767922216,-0.9078559752870059,0.6233502011204566,PEREMPUAN,MAHASISWA,BELUM MENIKAH,TEPAT,2.7875,-0.31000000000000005,1,1,0,0
0.0627248182401552,-0.6592888981630725,0.7449558411277261,-0.3733832182105582,-0.4420563826165416,-0.04296254002045146,-0.5166897364942001,-0.9078559752870059,-0.006702690334628897,PEREMPUAN,BEKERJA,BELUM MENIKAH,TERLAMBAT,2.34625,-0.7399999999999998,1,0,0,1
1.6863449095472725,-0.23710339101801076,1.3218489281933445,0.6443576361338791,0.3667427436592428,1.344149400697931,0.9888468668891557,-0.9078559752870059,0.9057877041865291,LAKI - LAKI,BEKERJA,BELUM MENIKAH,TERLAMBAT,2.8925,-0.27,0,0,0,1
0.5958538034454778,-0.026010637445480853,0.5922488474927097,-0.5430066939346309,-0.475756346211366,-0.27940207537017564,-3.1183626388321053,,-0.8757411613071612,LAKI - LAKI,MAHASISWA,BELUM MENIKAH,TEPAT,2.4214285714285713,-2.93,0,1,0,0
0.5231543963720242,-0.34264976780427664,0.8637279472882949,1.0452858514816874,0.1139930166980603,-0.5946547891698084,-1.1505998852871924,-0.9078559752870059,0.4278165451516363,LAKI - LAKI,BEKERJA,BELUM MENIKAH,TERLAMBAT,2.45,-1.41,0,0,0,1
1.056283381577347,-0.4904146953050478,0.7788907286021741,-0.034136266762412874,0.2824928346721822,0.8239824229285374,0.09080748943241726,-0.37249112682345614,0.4495425069259501,LAKI - LAKI,BEKERJA,BELUM MENIKAH,TERLAMBAT,2.7112499999999997,-0.69,0,0,0,1
-1.1973982376996972,-1.187020782094399,0.04929064790154009,-2.809793142247241,-0.5263062916036022,-2.2497315366178787,-1.731684188347435,-0.1940361773356062,-1.5492459763108724,PEREMPUAN,BEKERJA,BELUM MENIKAH,TERLAMBAT,1.83,-1.14,1,0,0,1
1.5651792310915178,0.8816882029164013,1.5763605842517052,0.9373436396572776,1.1418419063402028,1.438725214837821,-0.2657669692636408,-0.9078559752870059,1.253403092575541,PEREMPUAN,MAHASISWA,BELUM MENIKAH,TEPAT,2.94125,-1.17,1,1,0,0
-0.22807281005365715,-0.4904146953050478,-0.17128612068237326,0.25884973676098627,0.24879287107735784,0.682118701718703,0.5266207167275994,-0.4795640965161661,-0.05015461388325551,LAKI - LAKI,BEKERJA,BELUM MENIKAH,TERLAMBAT,2.6075,0.17000000000000037,0,0,0,1
1.1532159243419509,-0.5959610720913137,0.7449558411277261,1.3382718550050858,1.630491378465156,0.7924571515485742,-0.6619608122592612,-0.9078559752870059,0.9492396277351557,LAKI - LAKI,MAHASISWA,BELUM MENIKAH,TEPAT,2.7512499999999998,-1.3000000000000003,0,1,0,0
1.2743816027977055,-0.427086869233289,0.16806275406210824,-1.3448631246302483,-0.4252064008191298,0.5244923448188867,0.1832527194647284,-0.9078559752870059,0.08020115676262433,LAKI - LAKI,BEKERJA,BELUM MENIKAH,TERLAMBAT,2.4137500000000003,-0.71,0,0,0,1
1.1047496529596488,-0.17377556494625196,0.3547046351715727,0.3976325805352275,0.6194924706204252,0.571780251888832,0.407762563828913,-0.9078559752870059,0.4712684687002629,PEREMPUAN,MAHASISWA,BELUM MENIKAH,TEPAT,2.6775,-0.4700000000000002,1,1,0,0
1.4440135526357634,0.18508211612704997,0.9315977222371912,-0.496745746009884,0.06344307130582336,0.7136439730986663,-0.12049589349858028,-0.9078559752870059,0.40609058337732346,PEREMPUAN,MAHASISWA,BELUM MENIKAH,TEPAT,2.60625,-1.0100000000000002,1,1,0,0
1.4440135526357634,0.03731718862627887,0.9315977222371912,-0.4659051140600525,0.7542923249997228,0.7924571515485742,-0.0016377405998944552,-0.9078559752870059,0.5798982775718299,PEREMPUAN,MAHASISWA,BELUM MENIKAH,TEPAT,2.66875,-0.9200000000000004,1,1,0,0
2.2679401661348972,0.6705954493438704,1.3388163719305681,0.47473416040980576,0.686892397810074,1.0288966868982983,0.9492274825895939,-0.9078559752870059,1.0578694366067218,PEREMPUAN,MAHASISWA,BELUM MENIKAH,TEPAT,2.9587499999999998,-0.54,1,1,0,0
1.9044431307676324,0.9239067536309075,1.7290675778867215,0.9836045875820244,1.2766417607195004,1.2022856794880967,-0.0412571248994562,-0.9078559752870059,1.4054848249957346,PEREMPUAN,MAHASISWA,BELUM MENIKAH,TEPAT,2.98875,-1.1400000000000001,1,1,0,0
1.4440135526357634,0.6705954493438704,1.4406210343539128,0.5364154243094686,1.849541141831514,1.1392351367281701,-0.25256050783045375,-0.9078559752870059,1.492388672092988,PEREMPUAN,MAHASISWA,BELUM MENIKAH,TEPAT,2.91,-1.1100000000000003,1,1,0,0
1.1532159243419509,0.14286356541254383,1.0503698283977594,-0.15749879456173801,-0.20615663745277094,-1.2566854881490364,-0.6355478893928865,-0.9078559752870059,0.1671050038598766,LAKI - LAKI,MAHASISWA,BELUM MENIKAH,TEPAT,2.4,-1.2800000000000002,0,1,0,0
0.01425854685785314,-0.1315570142317458,0.982500053448863,0.07380594506199756,0.21509290748253346,-0.2951647110601576,0.10401395086560432,-0.9078559752870059,0.3191867362800702,LAKI - LAKI,BEKERJA,BELUM MENIKAH,TERLAMBAT,2.51625,-0.25,0,0,0,1
-0.39770475989171383,-0.4904146953050478,0.2019976415365564,0.4593138444348904,1.0070420519609053,0.38262862360905237,0.19645918089791603,-0.9078559752870059,0.4712684687002629,LAKI - LAKI,BEKERJA,BELUM MENIKAH,TERLAMBAT,2.5687499999999996,-0.009999999999999787,0,0,0,1
0.23235676807821293,-0.5959610720913137,0.25289997274822823,-0.496745746009884,-0.35780647362948104,0.051613274119438356,-0.47707035219463834,-0.22972716723317624,0.015023271439683928,LAKI - LAKI,BEKERJA,BELUM MENIKAH,TERLAMBAT,2.4487500000000004,-0.7800000000000002,0,0,0,1
-0.05844086021559941,-0.5959610720913137,-0.4427652204779577,-0.23460037443631698,-0.8970058911466704,-0.09025044709039672,0.23607856519747777,-0.3153855429873442,-0.18051038452913537,LAKI - LAKI,BEKERJA,BELUM MENIKAH,TERLAMBAT,2.405,-0.1200000000000001,0,0,0,1
1.4440135526357634,0.3539563189850747,0.6940535099160542,0.5672560562593001,0.46784263444371593,0.6978813374086844,1.2265631726865278,-0.9078559752870059,0.7754319335406492,LAKI - LAKI,MAHASISWA,BELUM MENIKAH,TEPAT,2.84125,0.009999999999999787,0,1,0,0
0.5958538034454778,0.2906284929133159,0.4056069663832453,-0.6201082738092099,0.40044270725406717,0.7609318801686109,0.48700133242803706,-0.9078559752870059,0.2757348127314436,PEREMPUAN,MAHASISWA,BELUM MENIKAH,TEPAT,2.60625,-0.20000000000000018,1,1,0,0
-0.10690713159790147,-1.8836268688837503,-1.3759746260252814,-2.6093290345733364,-2.295554380331881,-1.8399030086783565,-0.9789158866557569,0.7981733418168394,-0.7019334671126547,PEREMPUAN,BEKERJA,BELUM MENIKAH,TERLAMBAT,1.9024999999999999,-1.02,1,0,0,1
0.7654857532835345,-0.23710339101801076,0.5583139600182616,-0.5738473258844623,0.3667427436592428,-0.6419426962397529,-1.0317417323885063,-0.9078559752870059,-0.39777000227226844,LAKI - LAKI,MAHASISWA,BELUM MENIKAH,TEPAT,2.3412500000000005,-1.42,0,1,0,0
1.8075105880030282,1.451638637562234,0.8806953910255186,0.10464657701182901,0.8890921793790203,0.1146638168793649,-0.4638638907614507,,0.9926915512837823,PEREMPUAN,MAHASISWA,BELUM MENIKAH,TEPAT,3.1157142857142857,-1.42,1,1,0,0
-0.44617103127401586,-0.3215404924470231,0.04929064790154009,0.5518357402843848,0.23194288927994527,-0.37397788951006544,0.46058840956166236,-0.5509460763113061,-0.2674142316263886,LAKI - LAKI,MAHASISWA,BELUM MENIKAH,TEPAT,2.5425000000000004,0.20999999999999996,0,1,0,0
-0.9066006094058848,0.10064501469803765,-1.3759746260252814,-0.3579629022356428,-0.3915064372243054,-0.7049932389996795,0.024775182266480237,0.6411329862675313,-0.24568826985207576,LAKI - LAKI,MAHASISWA,BELUM MENIKAH,TEPAT,2.46,0.06999999999999984,0,1,0,0
0.8139520246658365,0.5650490725576055,0.6940535099160542,0.07380594506199756,0.9733420883660809,-0.2321141683002311,0.6983047153590346,-0.9078559752870059,0.34091269805438307,PEREMPUAN,MAHASISWA,BELUM MENIKAH,TEPAT,2.6950000000000003,-0.1299999999999999,1,1,0,0
0.5958538034454778,0.3539563189850747,0.4565092975949171,0.7214592160084574,1.0575919973531422,0.3195780808491258,1.1869437883869662,1.2336034185671931,0.6450761628947693,LAKI - LAKI,MAHASISWA,BELUM MENIKAH,TEPAT,3.1775,0.33000000000000007,0,1,0,0
0.3050561751516655,-0.2793219417325169,-1.1384304137041443,0.12006689298674439,-0.8970058911466704,-0.37397788951006544,-1.335490345351815,0.5911656004109335,-0.8540151995328474,LAKI - LAKI,MAHASISWA,BELUM MENIKAH,TEPAT,2.4075,-1.46,0,1,0,0
1.4440135526357634,0.7128140000583766,1.0843047158722074,1.5387359626789898,1.074441979150554,1.5805889360476553,-0.0412571248994562,1.947423216518593,1.362032901447108,LAKI - LAKI,MAHASISWA,BELUM MENIKAH,TEPAT,3.465,-0.9500000000000002,0,1,0,0
1.1047496529596488,0.43839342041408697,0.982500053448863,1.4153734348796647,0.686892397810074,0.5244923448188867,0.06439456656604257,1.947423216518593,1.014417513058095,LAKI - LAKI,MAHASISWA,BELUM MENIKAH,TEPAT,3.3112500000000002,-0.73,0,1,0,0
-0.5673367097297705,-0.17377556494625196,-1.3420397385508334,0.8910826917325301,0.012893125913587166,0.4614418020589602,-0.10728943206539264,-0.9078559752870059,0.08020115676262433,LAKI - LAKI,MAHASISWA,BELUM MENIKAH,TEPAT,2.40375,-0.16999999999999993,0,1,0,0
0.9351177031215923,0.5228305218430993,-0.18825356441959695,-0.08039721468715971,0.40044270725406717,-0.452791067959974,0.7247176382254094,-0.9078559752870059,0.3191867362800702,LAKI - LAKI,MAHASISWA,BELUM MENIKAH,TEPAT,2.5637499999999998,-0.16000000000000014,0,1,0,0
-0.05844086021559941,0.43839342041408697,0.2019976415365564,1.3074312230552543,0.7205923614048985,0.3353407165391071,0.05118810513285493,1.2336034185671931,0.8623357806379024,LAKI - LAKI,MAHASISWA,BELUM MENIKAH,TEPAT,3.04625,-0.26000000000000023,0,1,0,0
-0.05844086021559941,0.3961748696995808,-0.6124396578501984,0.8910826917325301,0.012893125913587166,0.6348307946487578,0.9888468668891557,1.2336034185671931,0.4712684687002629,LAKI - LAKI,MAHASISWA,BELUM MENIKAH,TEPAT,3.01,0.44999999999999973,0,1,0,0
0.3535224465339675,0.5650490725576055,0.2019976415365564,0.4438935284599743,0.1645429620902965,-0.18482626123028653,0.6190659467599106,0.8766935195914933,-0.028428652108942687,LAKI - LAKI,MAHASISWA,BELUM MENIKAH,TEPAT,2.9137500000000003,0.0,0,1,0,0
1.6136455024738199,1.4938571882767402,0.6940535099160542,0.8448217438077832,0.8722421975816077,0.09890118118938292,1.2265631726865278,-0.9078559752870059,0.7102540482177088,PEREMPUAN,MAHASISWA,BELUM MENIKAH,TEPAT,2.9225,-0.06000000000000005,1,1,0,0
-1.367030187537754,-4.881143969613685,-4.650691267309524,-3.796693364641847,-2.784203852456834,-3.9520961911358934,-2.9730915630670443,-0.8293357975123519,-4.156361389228468,LAKI - LAKI,MAHASISWA,BELUM MENIKAH,TEPAT,0.645,-2.01,0,1,0,0
1.6136455024738199,1.3672015361332217,1.3388163719305681,0.9681842716071091,1.0407420155557296,-4.535313711665213,-3.34287248319629,,1.0795953983810356,PEREMPUAN,MAHASISWA,BELUM MENIKAH,TEPAT,2.4971428571428573,-3.52,1,1,0,0
-0.6158029811120725,0.20619139148430354,-0.4088303330035095,0.19716847286132339,0.7879922885945472,0.004325367049493096,0.3945561023957259,-0.9078559752870059,-0.15878442275482255,LAKI - LAKI,MAHASISWA,BELUM MENIKAH,TEPAT,2.505,0.22999999999999998,0,1,0,0
-0.8096680666412808,-0.4693054199477951,-1.3420397385508334,0.3359513166355646,-0.08820676487088598,-0.5946547891698084,-0.0676700477658309,-0.9078559752870059,-0.5498517346924611,LAKI - LAKI,MAHASISWA,BELUM MENIKAH,TEPAT,2.24125,-0.040000000000000036,0,1,0,0
-0.15537340298020352,0.5017212464858458,0.5243790725438134,0.21258878883623875,1.0575919973531422,-0.027199904330470176,-0.0412571248994562,-0.9078559752870059,0.232282889182817,LAKI - LAKI,MAHASISWA,BELUM MENIKAH,TEPAT,2.5925,-0.29000000000000004,0,1,0,0
0.18389049669591087,-0.6170703474485663,-1.613518838346418,-0.6355285897841252,0.48469261624112775,0.051613274119438356,-1.058154655254881,0.23425570143523367,-0.2674142316263886,LAKI - LAKI,MAHASISWA,BELUM MENIKAH,TEPAT,2.385,-1.2000000000000002,0,1,0,0
1.6136455024738199,1.4094200868477278,1.3727512594050164,1.615837542553569,0.7879922885945472,1.218048315178078,-0.2657669692636408,1.5905133175428932,1.362032901447108,PEREMPUAN,MAHASISWA,BELUM MENIKAH,TEPAT,3.40875,-1.19,1,1,0,0
1.5167129597092157,1.9371519707790545,1.1861093782955519,1.1378077473311816,0.1982429256851209,0.6978813374086844,0.8964016368568445,-0.9078559752870059,1.1230473219296622,PEREMPUAN,MAHASISWA,BELUM MENIKAH,TEPAT,2.9699999999999998,-0.27,1,1,0,0
-0.8096680666412808,1.0294531304171723,1.5084908093028089,1.4307937508545803,1.461991560491034,-1.2251602167690732,1.3982471713179632,1.947423216518593,1.2751290543498548,LAKI - LAKI,MAHASISWA,BELUM MENIKAH,TEPAT,3.3325,1.0699999999999998,0,1,0,0
-0.9793000164793374,-0.3215404924470231,0.04929064790154009,0.4593138444348904,0.8553922157841959,0.47720443774894217,-0.5695155822269494,1.2336034185671931,0.36263865982869686,LAKI - LAKI,MAHASISWA,BELUM MENIKAH,TEPAT,2.83625,-0.3500000000000001,0,1,0,0
-0.5673367097297705,-2.2424845499570525,-1.613518838346418,-0.9439349092824397,-1.4025053450690357,-1.09905913124922,-1.4279355753841263,-0.13693059349949419,-1.2885344350191135,LAKI - LAKI,MAHASISWA,BELUM MENIKAH,TEPAT,1.89375,-1.1700000000000002,0,1,0,0
-1.2700976447731498,0.3961748696995808,-1.2063001886530407,-3.611649572942858,-1.031805745525968,-3.6053182059562983,-2.9995044859334197,,-2.6355440650265374,LAKI - LAKI,MAHASISWA,BELUM MENIKAH,TEPAT,1.5685714285714287,-2.0700000000000003,0,1,0,0
0.9351177031215923,1.3672015361332217,1.1182396033466557,1.615837542553569,1.5967914148703315,1.3599120363879131,-0.2657669692636408,1.5905133175428932,1.4054848249957346,LAKI - LAKI,MAHASISWA,BELUM MENIKAH,TEPAT,3.42375,-0.9100000000000001,0,1,0,0
0.23235676807821293,0.20619139148430354,0.9146302784999668,0.9219233236823615,0.9227921429738447,0.7609318801686109,-0.5959285050933242,-0.9078559752870059,0.36263865982869686,LAKI - LAKI,MAHASISWA,BELUM MENIKAH,TEPAT,2.68125,-0.8700000000000001,0,1,0,0
1.5167129597092157,1.451638637562234,-0.2221884518940451,1.2457499591555914,1.2092418335298516,0.7451692444786296,0.9756404054559686,-0.9078559752870059,0.8188838570892758,PEREMPUAN,MAHASISWA,BELUM MENIKAH,TEPAT,2.9325,-0.20999999999999996,1,1,0,0
0.18389049669591087,0.7761418261301364,0.6940535099160542,0.7214592160084574,1.1081419427453785,0.5402549805088687,0.7115111767922216,1.5905133175428932,0.8623357806379024,LAKI - LAKI,MAHASISWA,BELUM MENIKAH,TEPAT,3.2375000000000003,0.13999999999999968,0,1,0,0
0.3535224465339675,1.0927809564889321,0.6261837349671578,0.27427005273590166,0.6363424524178378,0.38262862360905237,0.10401395086560432,-0.9078559752870059,0.3191867362800702,PEREMPUAN,MAHASISWA,BELUM MENIKAH,TEPAT,2.6812500000000004,-0.3900000000000001,1,1,0,0
-0.05844086021559941,0.6283768986293643,0.337737191434349,0.27427005273590166,0.7037423796074866,1.0288966868982983,-0.0676700477658309,1.2336034185671931,0.7319800099920226,LAKI - LAKI,MAHASISWA,BELUM MENIKAH,TEPAT,3.02625,-0.3500000000000001,0,1,0,0
0.0627248182401552,0.9239067536309075,0.8806953910255186,0.7831404799081203,0.9227921429738447,-0.20058889692026782,0.6190659467599106,-0.9078559752870059,0.4278165451516363,LAKI - LAKI,MAHASISWA,BELUM MENIKAH,TEPAT,2.74,0.1200000000000001,0,1,0,0
2.074075080605689,2.063807622922573,1.7969373528356178,1.7392000703528947,1.630491378465156,1.675164750187545,0.06439456656604257,1.947423216518593,1.9920857929021936,PEREMPUAN,MAHASISWA,BELUM MENIKAH,TEPAT,3.705,-1.13,1,1,0,0
0.5231543963720242,0.07953573934078503,0.5074116288065897,0.3359513166355646,0.7205923614048985,-0.6419426962397529,0.024775182266480237,1.0551484690793433,0.36263865982869686,PEREMPUAN,MAHASISWA,BELUM MENIKAH,TEPAT,2.8875,-0.52,1,1,0,0
0.8139520246658365,0.18508211612704997,-0.5276024391640785,-0.018715950787496806,0.5183925798359521,-0.07448781140041473,0.764337022524971,1.162221438772053,0.3191867362800702,PEREMPUAN,MAHASISWA,BELUM MENIKAH,TEPAT,2.9225,-0.08000000000000007,1,1,0,0
0.01425854685785314,0.3539563189850747,0.8297930598138468,0.7522998479582889,0.3330427800644184,-0.04296254002045146,-0.5431026593605748,,0.6016242393461427,LAKI - LAKI,MAHASISWA,BELUM MENIKAH,TEPAT,2.9214285714285713,-0.7399999999999998,0,1,0,0
0.3050561751516655,0.7761418261301364,1.4066861468794645,0.9836045875820244,1.2092418335298516,0.9343208727584092,0.06439456656604257,1.5905133175428932,1.2751290543498548,LAKI - LAKI,MAHASISWA,BELUM MENIKAH,TEPAT,3.295,-0.3999999999999999,0,1,0,0
0.9835839745038932,1.0927809564889321,1.4066861468794645,0.9681842716071091,1.1418419063402028,0.09890118118938292,0.1568397965983537,1.2336034185671931,1.1664992454782888,LAKI - LAKI,MAHASISWA,BELUM MENIKAH,TEPAT,3.2225,-0.6099999999999999,0,1,0,0
0.8624182960481386,1.2194366086324506,0.8637279472882949,0.9990249035569405,0.9901920701634934,0.5875428875788132,0.830369329690908,-0.9078559752870059,0.6233502011204566,PEREMPUAN,MAHASISWA,BELUM MENIKAH,TEPAT,2.9025,-0.04999999999999982,1,1,0,0
1.7348111809295745,1.5360757389912465,1.016434940923311,0.9373436396572776,1.4956915240858584,0.42991653067899693,-1.3619032682181897,-0.9078559752870059,0.688528086443396,PEREMPUAN,MAHASISWA,BELUM MENIKAH,TEPAT,2.79,-2.07,1,1,0,0
-0.05844086021559941,-0.4693054199477951,0.08322553537598824,0.5518357402843848,0.26564285287476963,0.4141538949890156,1.0680856354882797,1.0551484690793433,0.18883096563419038,PEREMPUAN,MAHASISWA,BELUM MENIKAH,TEPAT,2.96,0.5099999999999998,1,1,0,0
1.056283381577347,0.797251101487389,0.06625809163876378,0.7522998479582889,0.8553922157841959,-0.20058889692026782,1.1869437883869662,-0.9078559752870059,0.3191867362800702,PEREMPUAN,MAHASISWA,BELUM MENIKAH,TEPAT,2.7700000000000005,0.14000000000000012,1,1,0,0
0.4019887179162696,1.2827644347042093,1.5424256967772572,1.276590591105423,0.9564921065686691,0.8712703299984828,1.2265631726865278,1.947423216518593,1.2099511690269154,LAKI - LAKI,MAHASISWA,BELUM MENIKAH,TEPAT,3.5125,0.43999999999999995,0,1,0,0
-0.7369686595678282,-0.5115239706623013,-0.5615373266385266,0.05838562908708149,-0.23985660104759532,-0.8626195958994958,-0.25256050783045375,0.3770196610255136,-0.15878442275482255,LAKI - LAKI,MAHASISWA,BELUM MENIKAH,TEPAT,2.4524999999999997,-0.20999999999999996,0,1,0,0
-1.1973982376996972,-0.7015074488775785,-1.070560638755248,-0.15749879456173801,-0.3241065100346566,-0.8153316888295512,0.10401395086560432,1.2336034185671931,-0.4629478875952079,PEREMPUAN,MAHASISWA,BELUM MENIKAH,TEPAT,2.5437499999999997,0.25,1,1,0,0
-1.100465694935093,-0.36375904316152924,-0.9178536451202318,0.25884973676098627,0.09714303490064774,-0.31092734675013894,0.3153173337966019,1.1764978347310813,0.058475194988310546,PEREMPUAN,MAHASISWA,BELUM MENIKAH,TEPAT,2.6950000000000003,0.3700000000000001,1,1,0,0
-0.2765390814359581,0.10064501469803765,-0.4936675516896303,0.25884973676098627,0.13084299849547212,-0.31092734675013894,0.830369329690908,0.8766935195914933,-0.028428652108942687,LAKI - LAKI,MAHASISWA,BELUM MENIKAH,TEPAT,2.795,0.41999999999999993,0,1,0,0
0.23235676807821293,0.05842646398353148,-1.1893327449158162,-0.018715950787496806,0.6363424524178378,-0.5473668820998638,0.5530336395939741,1.162221438772053,0.2974607745057564,PEREMPUAN,MAHASISWA,BELUM MENIKAH,TEPAT,2.7875,0.0,1,1,0,0
0.5958538034454778,0.16397284076979737,-0.5276024391640785,0.4130528965101429,0.40044270725406717,0.1146638168793649,0.43417548669528766,1.2336034185671931,0.38436462160300966,PEREMPUAN,MAHASISWA,BELUM MENIKAH,TEPAT,2.9325,-0.2400000000000002,1,1,0,0
0.5231543963720242,-0.08933846351723963,0.16806275406210824,0.4130528965101429,0.29934281646959404,0.8555076943085007,-0.3714186607291396,1.2336034185671931,0.34091269805438307,LAKI - LAKI,MAHASISWA,BELUM MENIKAH,TEPAT,2.94,-0.8199999999999998,0,1,0,0
1.3228478741800076,0.18508211612704997,0.7449558411277261,1.1686483792810132,0.686892397810074,1.470250486217784,0.06439456656604257,1.2336034185671931,0.9057877041865291,LAKI - LAKI,MAHASISWA,BELUM MENIKAH,TEPAT,3.2199999999999998,-0.8199999999999998,0,1,0,0
-0.7369686595678282,-0.5537425213768075,-0.5276024391640785,0.47473416040980576,0.012893125913587166,1.1865230437981147,-0.17332173923132965,1.5905133175428932,0.12365308031125095,LAKI - LAKI,MAHASISWA,BELUM MENIKAH,TEPAT,2.8875,-0.1499999999999999,0,1,0,0
-1.2700976447731498,-0.6592888981630725,-1.0196583075435761,-0.29628163833597987,-0.17245667385794655,-0.8626195958994958,-1.652445419748311,0.16287372164009364,-0.680207505338341,LAKI - LAKI,MAHASISWA,BELUM MENIKAH,TEPAT,2.1887499999999998,-1.05,0,1,0,0
0.18389049669591087,0.16397284076979737,0.04929064790154009,0.12006689298674439,0.6363424524178378,-0.9099075029694411,0.1568397965983537,-0.4295967106595681,-0.3108661551750152,PEREMPUAN,MAHASISWA,BELUM MENIKAH,TEPAT,2.54875,-0.28000000000000025,1,1,0,0
-0.05844086021559941,0.3961748696995808,1.1012721596094313,0.05838562908708149,0.6026424888230134,-0.2321141683002311,1.0152597897555304,1.2336034185671931,0.5147203922488895,LAKI - LAKI,MAHASISWA,BELUM MENIKAH,TEPAT,3.0462499999999997,0.46999999999999975,0,1,0,0
0.18389049669591087,0.5017212464858458,-0.17128612068237326,0.47473416040980576,0.5520925434307765,0.16195172394930946,0.9096080982900322,1.2336034185671931,0.5581723157975161,PEREMPUAN,MAHASISWA,BELUM MENIKAH,TEPAT,3.0225,0.29000000000000004,1,1,0,0
-1.6093615444492642,-0.7648352749493373,-1.8340956069303307,-0.4350644821102211,-1.4025053450690357,-0.5000789750299185,-1.1770128081535671,-0.4010439187415122,-1.027822893727354,PEREMPUAN,MAHASISWA,BELUM MENIKAH,TEPAT,1.9775,-0.55,1,1,0,0
-0.34923848850941175,-0.8492723763783497,-0.17128612068237326,0.25884973676098627,0.6700424160126622,0.35110335222908906,-0.0412571248994562,1.2336034185671931,0.2105569274085032,LAKI - LAKI,MAHASISWA,BELUM MENIKAH,TEPAT,2.8312500000000003,-0.20999999999999996,0,1,0,0
0.3050561751516655,-0.8070538256638435,-0.6463745453246466,0.12006689298674439,-0.9812558001337309,-0.07448781140041473,0.2624914880638525,-0.9078559752870059,-0.680207505338341,LAKI - LAKI,MAHASISWA,BELUM MENIKAH,TEPAT,2.3187499999999996,-0.25,0,1,0,0
-1.1973982376996972,-1.7147526660257257,-1.4099095134997295,-0.7897317495332825,-0.4420563826165416,-0.783806417449588,-0.16011527779814202,0.9480754993866334,-0.44122192582089503,LAKI - LAKI,MAHASISWA,BELUM MENIKAH,TEPAT,2.32625,0.050000000000000266,0,1,0,0
-1.100465694935093,-0.3215404924470231,-0.5954722141129747,-0.29628163833597987,0.06344307130582336,-0.3582152538200842,0.6190659467599106,0.6982385701036434,-0.18051038452913537,PEREMPUAN,MAHASISWA,BELUM MENIKAH,TEPAT,2.6149999999999998,0.6000000000000001,1,1,0,0
-0.5673367097297705,-0.8070538256638435,-1.3420397385508334,-0.7126301696587042,-0.5094563098061904,-0.8626195958994958,-1.454348498250501,0.16287372164009364,-0.8757411613071612,LAKI - LAKI,MAHASISWA,BELUM MENIKAH,TEPAT,2.1525,-1.1900000000000002,0,1,0,0
0.4746881249897221,0.26951921755606234,1.1352070470838793,0.22800910481115483,0.6363424524178378,0.03585063842945637,1.0152597897555304,1.2336034185671931,0.6668021246690832,LAKI - LAKI,MAHASISWA,BELUM MENIKAH,TEPAT,3.10625,0.25,0,1,0,0
-1.100465694935093,-0.5115239706623013,-1.0196583075435761,0.05838562908708149,-0.23985660104759532,-0.16906362554030455,0.6454788696262852,0.8766935195914933,-0.006702690334628897,PEREMPUAN,MAHASISWA,BELUM MENIKAH,TEPAT,2.6275,0.6200000000000001,1,1,0,0
-0.9066006094058848,-1.039255854593628,-1.2232676323902643,-0.6509489057590413,-0.7790560185647855,-0.6734679676197162,-0.39783158359551424,0.5911656004109335,-0.44122192582089503,LAKI - LAKI,MAHASISWA,BELUM MENIKAH,TEPAT,2.3049999999999997,-0.25,0,1,0,0
-0.7369686595678282,-0.6592888981630725,-1.4099095134997295,-0.15749879456173801,-0.23985660104759532,-0.31092734675013894,0.14363333516516666,1.0551484690793433,-0.22396230807776196,LAKI - LAKI,MAHASISWA,BELUM MENIKAH,TEPAT,2.56375,0.0900000000000003,0,1,0,0
0.9835839745038932,0.9661253043454137,0.3886395226460208,0.5980966882091316,0.686892397810074,0.8239824229285374,-0.39783158359551424,1.2336034185671931,0.7537059717663355,PEREMPUAN,MAHASISWA,BELUM MENIKAH,TEPAT,3.08125,-1.0299999999999998,1,1,0,0
-0.6158029811120725,-0.6170703474485663,-1.0196583075435761,-0.018715950787496806,-0.3915064372243054,-0.6261800605497716,-0.701580196558823,1.947423216518593,-0.897467123081474,LAKI - LAKI,MAHASISWA,BELUM MENIKAH,TEPAT,2.6525,-0.6000000000000001,0,1,0,0
0.01425854685785314,-0.8492723763783497,-0.5954722141129747,0.3359513166355646,-0.17245667385794655,-0.4685537036499553,0.6454788696262852,1.2336034185671931,0.10192711853693716,LAKI - LAKI,MAHASISWA,BELUM MENIKAH,TEPAT,2.7625,0.16000000000000014,0,1,0,0
0.8624182960481386,0.5439397972003519,0.16806275406210824,0.9681842716071091,0.6194924706204252,0.682118701718703,1.041672712621905,-0.9078559752870059,0.34091269805438307,PEREMPUAN,MAHASISWA,BELUM MENIKAH,TEPAT,2.80875,0.10999999999999988,1,1,0,0
0.3050561751516655,-1.292567158880664,-1.2572025198647125,-1.514486600354321,-1.132905636310441,-2.9590501426670515,-1.7713035726469972,-0.34393833490540016,-1.7665055940540053,LAKI - LAKI,MAHASISWA,BELUM MENIKAH,TEPAT,1.77875,-1.79,0,1,0,0
-0.6158029811120725,-1.8625175935264973,-0.9008862013830073,-1.0672974370817656,-0.6274061823880753,-0.8153316888295512,-1.6788583426146857,0.23425570143523367,-1.13645270259892,LAKI - LAKI,MAHASISWA,BELUM MENIKAH,TEPAT,2.0775,-1.34,0,1,0,0
-0.2765390814359581,-0.36375904316152924,-0.8669513139085592,0.05838562908708149,-0.13875671026312217,0.28805280946916256,0.22287210376429073,1.5905133175428932,-0.0718805756575693,LAKI - LAKI,MAHASISWA,BELUM MENIKAH,TEPAT,2.81875,-0.040000000000000036,0,1,0,0
-0.6158029811120725,-1.292567158880664,-1.070560638755248,-0.3579629022356428,-0.5600062551984265,-0.768043781759606,0.024775182266480237,-0.37249112682345614,-0.5063998111438345,LAKI - LAKI,MAHASISWA,BELUM MENIKAH,TEPAT,2.22,-0.050000000000000266,0,1,0,0
-1.0277662878616394,-0.5537425213768075,-0.4427652204779577,-0.15749879456173801,-0.17245667385794655,-0.31092734675013894,0.1832527194647284,1.2336034185671931,-0.0718805756575693,LAKI - LAKI,MAHASISWA,BELUM MENIKAH,TEPAT,2.6662500000000002,0.23999999999999977,0,1,0,0
0.18389049669591087,0.16397284076979737,-0.3409605580546132,-0.018715950787496806,-0.0545068012760616,0.19347699532927273,0.5266207167275994,0.8766935195914933,0.34091269805438307,PEREMPUAN,MAHASISWA,BELUM MENIKAH,TEPAT,2.80875,0.0,1,1,0,0
-0.05844086021559941,0.20619139148430354,0.08322553537598824,0.12006689298674439,-0.13875671026312217,0.28805280946916256,0.5134142552944118,1.2336034185671931,0.14537904208556376,PEREMPUAN,MAHASISWA,BELUM MENIKAH,TEPAT,2.90375,0.08999999999999986,1,1,0,0
1.1047496529596488,0.3117377682705685,0.982500053448863,0.7368795319833727,0.6194924706204252,0.7136439730986663,1.5171053242166495,-0.9078559752870059,0.8406098188635887,LAKI - LAKI,MAHASISWA,BELUM MENIKAH,TEPAT,2.89625,0.3700000000000001,0,1,0,0
-0.8581343380235829,-1.545878463167701,-1.1044955262296963,-0.7897317495332825,-0.9644058183363191,-1.1305844026291834,0.43417548669528766,1.1550832407925393,-0.2891401934007024,LAKI - LAKI,MAHASISWA,BELUM MENIKAH,TEPAT,2.4025,0.3599999999999999,0,1,0,0
-0.22807281005365715,0.10064501469803765,-0.5615373266385266,0.19716847286132339,0.09714303490064774,0.3195780808491258,1.0812920969214674,-0.9078559752870059,0.08020115676262433,LAKI - LAKI,MAHASISWA,BELUM MENIKAH,TEPAT,2.5462499999999997,0.5900000000000003,0,1,0,0
-1.6578278158315662,-0.3215404924470231,-0.06948145825902881,0.12006689298674439,-0.23985660104759532,-0.07448781140041473,-1.2694580381858782,-0.9078559752870059,-0.788837314209908,PEREMPUAN,MAHASISWA,BELUM MENIKAH,TEPAT,2.1987500000000004,-0.5999999999999999,1,1,0,0
-2.578686972095304,-1.2081300574516516,-1.4947467321858496,-0.5121660619847994,-0.7116560913751366,-0.7049932389996795,0.3549367180961636,1.090839458976913,-0.4629478875952079,LAKI - LAKI,MAHASISWA,BELUM MENIKAH,TEPAT,2.36125,1.0099999999999998,0,1,0,0
-0.05844086021559941,-0.36375904316152924,-0.018579127047356207,0.5518357402843848,0.1139930166980603,0.8555076943085007,0.6586853310594722,1.5905133175428932,0.015023271439683928,LAKI - LAKI,MAHASISWA,BELUM MENIKAH,TEPAT,3.0374999999999996,0.19999999999999973,0,1,0,0
-1.4397295946112074,-0.427086869233289,-0.9517885325946799,0.12006689298674439,-0.9307058547414947,-0.20058889692026782,-0.18652820066451672,1.7261390791536588,-0.39777000227226844,LAKI - LAKI,MAHASISWA,BELUM MENIKAH,TEPAT,2.64125,0.13000000000000034,0,1,0,0
-0.7369686595678282,-0.1315570142317458,-0.4427652204779577,-0.29628163833597987,0.029743107710998983,-0.20058889692026782,-1.8373358798129338,-0.9078559752870059,-1.027822893727354,LAKI - LAKI,MAHASISWA,BELUM MENIKAH,TEPAT,2.1525,-1.41,0,1,0,0
0.3535224465339675,0.16397284076979737,0.5922488474927097,0.07380594506199756,0.13084299849547212,0.14618908825932816,-1.612826035448749,-0.9078559752870059,-0.11533249920619591,LAKI - LAKI,MAHASISWA,BELUM MENIKAH,TEPAT,2.38875,-1.69,0,1,0,0
-0.8581343380235829,0.05842646398353148,0.3547046351715727,0.3976325805352275,-0.0545068012760616,-0.07448781140041473,-0.27897343069682845,1.2336034185671931,0.18883096563419038,LAKI - LAKI,MAHASISWA,BELUM MENIKAH,TEPAT,2.79875,-0.18000000000000016,0,1,0,0
1.7348111809295745,0.8816882029164013,-0.8839187576457836,1.2457499591555914,1.3103417243143247,0.03585063842945637,1.583137631382586,1.2336034185671931,1.2751290543498548,PEREMPUAN,MAHASISWA,BELUM MENIKAH,TEPAT,3.245,0.16000000000000014,1,1,0,0
-0.8096680666412808,-0.23710339101801076,-0.2900582268429414,0.7522998479582889,-0.020806837681237214,-0.5473668820998638,0.9492274825895939,1.2336034185671931,0.12365308031125095,LAKI - LAKI,MAHASISWA,BELUM MENIKAH,TEPAT,2.8462500000000004,0.73,0,1,0,0
-0.7369686595678282,-0.9970373038791218,-1.1384304137041443,-0.6509489057590413,-1.891154817193989,-2.0763425440280807,-0.5166897364942001,0.5768892044519055,-1.1799046261475465,PEREMPUAN,MAHASISWA,BELUM MENIKAH,TEPAT,2.115,-0.4099999999999997,1,1,0,0
-0.34923848850941175,0.5017212464858458,0.23593252901100453,0.5518357402843848,0.24879287107735784,0.19347699532927273,1.4510730170507125,-0.9078559752870059,0.4278165451516363,LAKI - LAKI,MAHASISWA,BELUM MENIKAH,TEPAT,2.6875,0.9199999999999999,0,1,0,0
0.11119108962245726,0.16397284076979737,0.5922488474927097,0.5364154243094686,1.0407420155557296,0.6348307946487578,0.9492274825895939,-0.9078559752870059,0.9275136659608418,LAKI - LAKI,MAHASISWA,BELUM MENIKAH,TEPAT,2.7625,0.3500000000000001,0,1,0,0
1.1532159243419509,0.6072676232721117,0.6261837349671578,1.276590591105423,1.1081419427453785,0.8239824229285374,-0.3714186607291396,-0.9078559752870059,-0.22396230807776196,PEREMPUAN,MAHASISWA,BELUM MENIKAH,TEPAT,2.8,-1.08,1,1,0,0
0.7170194819012324,-0.3004312170897705,-0.3748954455290614,-0.6509489057590413,-0.8970058911466704,0.24076490239921727,0.43417548669528766,-0.9078559752870059,-0.09360653743188213,LAKI - LAKI,MAHASISWA,BELUM MENIKAH,TERLAMBAT,2.375,-0.29000000000000004,0,1,0,1
-0.15537340298020352,-0.1315570142317458,0.2019976415365564,-0.049556582737328256,-0.20615663745277094,-1.114821766939202,0.9888468668891557,-0.1940361773356062,1.2316771308012282,LAKI - LAKI,MAHASISWA,BELUM MENIKAH,TEPAT,2.5524999999999998,0.48999999999999977,0,1,0,0
0.5958538034454778,1.1983273332751971,1.1861093782955519,1.615837542553569,0.6531924342152496,1.2968614936279865,0.09080748943241726,1.5905133175428932,0.25400885095712983,PEREMPUAN,MAHASISWA,BELUM MENIKAH,TEPAT,3.36,-0.5,1,1,0,0
0.0627248182401552,-0.026010637445480853,0.3547046351715727,0.47473416040980576,0.6363424524178378,0.2722901737791806,1.0944985583546545,1.2336034185671931,0.08020115676262433,LAKI - LAKI,MAHASISWA,BELUM MENIKAH,TEPAT,3.05625,0.48,0,1,0,0
-0.7369686595678282,0.5439397972003519,-0.3748954455290614,0.3359513166355646,0.7879922885945472,0.3195780808491258,0.8567822525572828,-0.9078559752870059,,PEREMPUAN,MAHASISWA,BELUM MENIKAH,TEPAT,2.60125,0.6300000000000003,1,1,0,0
-0.6885023881855261,0.43839342041408697,0.3886395226460208,0.7214592160084574,0.8553922157841959,1.107709865348207,-0.820438349457509,1.947423216518593,0.6668021246690832,LAKI - LAKI,MAHASISWA,BELUM MENIKAH,TEPAT,3.09375,-0.6599999999999999,0,1,0,0
-0.6885023881855261,0.43839342041408697,0.3886395226460208,0.7214592160084574,0.8553922157841959,1.107709865348207,-0.820438349457509,1.947423216518593,1.2968550161241676,LAKI - LAKI,MAHASISWA,BELUM MENIKAH,TEPAT,3.09375,-0.6599999999999999,0,1,0,0
0.4746881249897221,0.797251101487389,1.0503698283977594,1.21490932720576,0.7879922885945472,1.438725214837821,-0.0412571248994562,1.947423216518593,,LAKI - LAKI,MAHASISWA,BELUM MENIKAH,TEPAT,3.3587499999999997,-0.5499999999999998,0,1,0,0
0.8139520246658365,1.2405458839897032,0.06625809163876378,0.5518357402843848,-0.29040654643983227,-0.8626195958994958,-0.701580196558823,-0.9078559752870059,0.3191867362800702,LAKI - LAKI,MAHASISWA,BELUM MENIKAH,TEPAT,2.45125,-1.19,0,1,0,0
-0.34923848850941175,-0.1315570142317458,-0.7990815389596628,0.5518357402843848,-0.08820676487088598,-0.04296254002045146,0.48700133242803706,0.3770196610255136,0.4495425069259501,PEREMPUAN,MAHASISWA,BELUM MENIKAH,TEPAT,2.6637500000000003,0.18999999999999995,1,1,0,0
1.056283381577347,1.8949334200645485,1.0503698283977594,1.1378077473311816,0.6194924706204252,0.051613274119438356,-1.6392389583151237,1.5905133175428932,0.6668021246690832,PEREMPUAN,MAHASISWA,BELUM MENIKAH,TEPAT,3.11125,-2.0,1,1,0,0
0.4746881249897221,0.3539563189850747,0.5922488474927097,0.5518357402843848,0.686892397810074,-0.27940207537017564,1.1605308655205915,1.5905133175428932,0.7537059717663355,PEREMPUAN,MAHASISWA,BELUM MENIKAH,TEPAT,3.1525,0.3600000000000003,1,1,0,0
0.01425854685785314,0.10064501469803765,0.5922488474927097,0.7214592160084574,0.8890921793790203,0.9500835084483905,-0.13370235493176733,1.2336034185671931,0.7537059717663355,LAKI - LAKI,MAHASISWA,BELUM MENIKAH,TEPAT,3.0549999999999997,-0.4299999999999997,0,1,0,0
0.8139520246658365,1.0083438550599197,-0.2221884518940451,0.12006689298674439,0.4509926526463034,0.19347699532927273,1.3586277870184014,0.8053115397963533,-0.15878442275482255,LAKI - LAKI,MAHASISWA,BELUM MENIKAH,TEPAT,3.0149999999999997,0.3700000000000001,0,1,0,0
1.3228478741800076,0.8816882029164013,-0.6463745453246466,0.19716847286132339,0.046593089508411546,-0.7365185103796428,-0.6619608122592612,-0.729401025799156,0.4929944304745767,PEREMPUAN,MAHASISWA,BELUM MENIKAH,TEPAT,2.445,-1.37,1,1,0,0
0.8139520246658365,0.797251101487389,0.660118622441606,0.8756623757576146,-0.15560669206053473,0.5402549805088687,-0.5959285050933242,1.2336034185671931,-2.8093517592210437,LAKI - LAKI,MAHASISWA,BELUM MENIKAH,TEPAT,3.0012499999999998,-1.1099999999999999,0,1,0,0
0.9351177031215923,0.9661253043454137,1.016434940923311,0.6751982680837105,-0.020806837681237214,0.09890118118938292,-0.3714186607291396,1.2336034185671931,0.18883096563419038,LAKI - LAKI,MAHASISWA,BELUM MENIKAH,TEPAT,3.02375,-0.9900000000000002,0,1,0,0
-0.15537340298020352,0.5861583479148581,0.3038023039599008,0.27427005273590166,-0.3241065100346566,0.49296707343892343,1.120911481221029,1.2336034185671931,,PEREMPUAN,MAHASISWA,BELUM MENIKAH,TEPAT,3.01,0.5899999999999999,1,1,0,0
-1.9486254441253785,1.4938571882767402,1.016434940923311,1.6466781745034003,1.6810413238573922,1.1865230437981147,-3.34287248319629,-0.9078559752870059,1.5141146338673006,PEREMPUAN,MAHASISWA,BELUM MENIKAH,TEPAT,2.54125,-2.05,1,1,0,0
0.9835839745038932,0.5228305218430993,0.6261837349671578,1.1378077473311816,-0.020806837681237214,1.0604219582782617,0.14363333516516666,1.5905133175428932,0.9492396277351557,PEREMPUAN,MAHASISWA,BELUM MENIKAH,TEPAT,3.19625,-0.6199999999999997,1,1,0,0
0.9835839745038932,0.5228305218430993,0.6261837349671578,1.1378077473311816,-0.020806837681237214,1.0604219582782617,0.14363333516516666,1.5905133175428932,-0.006702690334628897,LAKI - LAKI,MAHASISWA,BELUM MENIKAH,TEPAT,3.19625,-0.6199999999999997,0,1,0,0
0.11119108962245726,0.05842646398353148,-0.8669513139085592,0.6135170041840476,0.1139930166980603,0.5875428875788132,0.8171628682577204,-0.9078559752870059,-0.24568826985207576,LAKI - LAKI,MAHASISWA,BELUM MENIKAH,TEPAT,2.5700000000000003,0.25,0,1,0,0
0.11119108962245726,0.3539563189850747,-0.8669513139085592,0.19716847286132339,0.24879287107735784,-0.3897405252000474,-1.1770128081535671,-0.9078559752870059,0.5798982775718299,LAKI - LAKI,MAHASISWA,BELUM MENIKAH,TEPAT,2.2975,-1.26,0,1,0,0
1.056283381577347,1.050562405774426,-0.03554657078458066,0.8910826917325301,0.40044270725406717,0.8082197872385561,1.028466251188718,-0.9078559752870059,0.8406098188635887,LAKI - LAKI,MAHASISWA,BELUM MENIKAH,TEPAT,2.8200000000000003,0.020000000000000018,0,1,0,0
0.9835839745038932,1.1983273332751971,0.2698674164854527,1.3845328029298334,1.175541869935027,0.9343208727584092,1.2793890184192773,-0.9078559752870059,0.4929944304745767,PEREMPUAN,MAHASISWA,BELUM MENIKAH,TEPAT,2.97875,0.2400000000000002,1,1,0,0
0.5231543963720242,0.48061197112859316,0.337737191434349,0.5672560562593001,0.3667427436592428,0.28805280946916256,1.1869437883869662,-0.9078559752870059,-0.6150296200154015,LAKI - LAKI,MAHASISWA,BELUM MENIKAH,TEPAT,2.73125,0.3600000000000003,0,1,0,0
0.3050561751516655,-0.3215404924470231,-0.3409605580546132,-0.08039721468715971,0.029743107710998983,0.7136439730986663,-0.13370235493176733,-0.9078559752870059,-0.22396230807776196,LAKI - LAKI,MAHASISWA,BELUM MENIKAH,TEPAT,2.4537500000000003,-0.5499999999999998,0,1,0,0
0.3050561751516655,-0.3215404924470231,-0.3409605580546132,-0.08039721468715971,0.029743107710998983,0.7136439730986663,-0.13370235493176733,-0.9078559752870059,-2.244476753088898,PEREMPUAN,MAHASISWA,BELUM MENIKAH,TEPAT,2.4537500000000003,-0.5499999999999998,1,1,0,0
0.4019887179162696,0.14286356541254383,-0.7651466514852148,-0.9901958572071866,0.7711423067971354,0.8397450586185194,0.8831951754236574,1.947423216518593,0.36263865982869686,LAKI - LAKI,MAHASISWA,BELUM MENIKAH,TEPAT,3.0425000000000004,0.18000000000000016,0,1,0,0
0.4019887179162696,0.14286356541254383,-0.7651466514852148,-0.9901958572071866,0.7711423067971354,0.8397450586185194,0.8831951754236574,1.947423216518593,-0.2674142316263886,PEREMPUAN,MAHASISWA,BELUM MENIKAH,TEPAT,3.0425000000000004,0.18000000000000016,1,1,0,0
0.11119108962245726,0.5439397972003519,-0.7821140952224391,-0.5738473258844623,-0.6442561641854879,-0.20058889692026782,-0.5959285050933242,1.090839458976913,0.4278165451516363,PEREMPUAN,MAHASISWA,BELUM MENIKAH,TEPAT,2.60625,-0.8199999999999998,1,1,0,0
-0.15537340298020352,-0.17377556494625196,-0.7142443202735429,-0.5121660619847994,0.2824928346721822,0.9500835084483905,1.8208539371799581,-0.9078559752870059,-0.13705846098050875,LAKI - LAKI,MAHASISWA,BELUM MENIKAH,TEPAT,2.59875,1.12,0,1,0,0
0.3050561751516655,0.3961748696995808,-0.2900582268429414,0.3359513166355646,-0.5094563098061904,-0.20058889692026782,-0.42424450646188894,-0.9078559752870059,-4.482250815843166,LAKI - LAKI,MAHASISWA,BELUM MENIKAH,TEPAT,2.3937500000000003,-0.77,0,1,0,0
0.4746881249897221,0.8816882029164013,0.8806953910255186,0.9990249035569405,0.7879922885945472,0.3353407165391071,-0.14690881636495498,1.5905133175428932,0.4278165451516363,LAKI - LAKI,MAHASISWA,BELUM MENIKAH,TEPAT,3.17375,-0.6299999999999999,0,1,0,0
-0.05844086021559941,0.20619139148430354,-0.6463745453246466,0.12006689298674439,0.21509290748253346,0.9816087798283538,0.8699887139904698,1.2336034185671931,0.4278165451516363,LAKI - LAKI,MAHASISWA,BELUM MENIKAH,TEPAT,2.965,0.3599999999999999,0,1,0,0
-0.22807281005365715,0.7761418261301364,0.2698674164854527,0.15090752493657586,0.9396421247712565,0.5875428875788132,-0.0016377405998944552,1.947423216518593,-0.028428652108942687,LAKI - LAKI,MAHASISWA,BELUM MENIKAH,TEPAT,3.125,-0.22999999999999998,0,1,0,0
-0.2765390814359581,-0.2793219417325169,-0.9178536451202318,-0.3579629022356428,-1.132905636310441,-0.5946547891698084,-1.5600001897159996,-0.9078559752870059,0.34091269805438307,LAKI - LAKI,BEKERJA,BELUM MENIKAH,TERLAMBAT,2.03625,-1.3900000000000001,0,0,0,1
0.01425854685785314,0.691704724701124,0.6261837349671578,0.9219233236823615,0.7205923614048985,-0.106013082780378,0.6586853310594722,-0.9078559752870059,-4.3736210069716,LAKI - LAKI,MAHASISWA,BELUM MENIKAH,TEPAT,2.7125,0.16999999999999993,0,1,0,0
0.5231543963720242,0.8394696522018951,0.06625809163876378,0.8910826917325301,0.6194924706204252,-0.16906362554030455,1.2397696341197155,-0.9078559752870059,0.4712684687002629,LAKI - LAKI,MAHASISWA,BELUM MENIKAH,TEPAT,2.74625,0.40000000000000036,0,1,0,0
0.0627248182401552,-0.08933846351723963,-0.4936675516896303,0.690618584058626,-0.12190672846571035,0.9027956013784459,0.764337022524971,1.2336034185671931,0.8188838570892758,PEREMPUAN,MAHASISWA,BELUM MENIKAH,TEPAT,2.9699999999999998,0.22999999999999998,1,1,0,0
-0.5188704383474684,-0.4693054199477951,0.3207697476971245,0.5518357402843848,-0.4083564190217172,0.682118701718703,-1.1902192695867544,1.5905133175428932,-0.11533249920619591,PEREMPUAN,MAHASISWA,BELUM MENIKAH,TEPAT,2.805,-1.0100000000000002,1,1,0,0
-0.05844086021559941,0.7339232754156302,0.5922488474927097,0.6597779521087945,0.40044270725406717,0.682118701718703,-0.3714186607291396,1.2336034185671931,0.7971578953149621,PEREMPUAN,MAHASISWA,BELUM MENIKAH,TEPAT,3.00375,-0.5800000000000001,1,1,0,0
0.5958538034454778,0.48061197112859316,0.4565092975949171,0.19716847286132339,0.4509926526463034,0.5244923448188867,1.3322148641520266,-0.9078559752870059,0.7537059717663355,PEREMPUAN,MAHASISWA,BELUM MENIKAH,TEPAT,2.7525000000000004,0.43999999999999995,1,1,0,0
0.4746881249897221,0.6072676232721117,0.7279883973905024,0.5980966882091316,0.6531924342152496,0.6033055232687945,-0.2657669692636408,1.5905133175428932,-0.3108661551750152,LAKI - LAKI,MAHASISWA,BELUM MENIKAH,TEPAT,3.11375,-0.7199999999999998,0,1,0,0
-1.367030187537754,0.16397284076979737,-0.7142443202735429,0.5518357402843848,0.1982429256851209,-0.7522811460696247,0.2624914880638525,-0.9078559752870059,-0.18051038452913537,LAKI - LAKI,MAHASISWA,BELUM MENIKAH,TEPAT,2.35375,0.43999999999999995,0,1,0,0
-2.118257393963435,-0.6592888981630725,-1.2911374073391606,-0.018715950787496806,-0.29040654643983227,0.08313854549940163,0.3813496409625383,0.8766935195914933,-4.221539274551407,LAKI - LAKI,MAHASISWA,BELUM MENIKAH,TEPAT,2.53125,0.8399999999999999,0,1,0,0
-0.2765390814359581,-0.1315570142317458,-0.5954722141129747,0.3359513166355646,0.3330427800644184,-0.12177571847035999,0.8039564068245334,1.2336034185671931,0.08020115676262433,PEREMPUAN,BEKERJA,BELUM MENIKAH,TEPAT,2.87,0.3999999999999999,1,0,0,0
-0.2765390814359581,-0.1315570142317458,-0.5954722141129747,0.3359513166355646,0.3330427800644184,-0.12177571847035999,0.8039564068245334,1.2336034185671931,0.2105569274085032,PEREMPUAN,MAHASISWA,BELUM MENIKAH,TEPAT,2.87,0.3999999999999999,1,1,0,0
0.4019887179162696,0.26951921755606234,0.5922488474927097,0.13548720896166047,0.3667427436592428,0.09890118118938292,0.7379240996585964,1.2336034185671931,0.4929944304745767,PEREMPUAN,MAHASISWA,BELUM MENIKAH,TEPAT,3.01375,0.06999999999999984,1,1,0,0
0.5958538034454778,0.5228305218430993,0.16806275406210824,0.690618584058626,0.012893125913587166,0.19347699532927273,-0.16011527779814202,1.2336034185671931,-1.6796017469567521,LAKI - LAKI,MAHASISWA,BELUM MENIKAH,TEPAT,2.94875,-0.69,0,1,0,0
