IPS 1,IPS 2,IPS 3,IPS 4,IPS 5,IPS 6,IPS 7,IPS 8,IPK,JENIS KELAMIN,STATUS MAHASISWA,STATUS NIKAH,RATA_RATA_IPS,TREND_IPS,JENIS KELAMIN_ENCODED,STATUS MAHASISWA_ENCODED,STATUS NIKAH_ENCODED
0.014277394912159659,1.1576370169126566,1.1027279066555278,0.923141993512037,1.008373238334449,1.1880914820820236,0.7917952200649677,-0.917591974629531,0.6703489695028093,0,0,0,0.6809696364482376,0.7810275122332886,0,0,0
-0.3497001390592723,1.2633229130946433,-0.2904416483280282,-0.5128430828513842,-0.7463413244747273,-0.2324209948298144,0.9240344076578919,0.0780434161715681,-0.07226292184241741,0,1,0,0.04057662566393834,1.110365993693476,0,1,0
1.615778544386462,-0.17400527498036752,0.8648696899510186,0.2283105049490913,0.21537723398799485,0.9829063465280915,0.3686298197676105,-0.28269404426361255,0.6703489695028093,0,0,0,0.5146337894912772,-0.5099793350906456,0,0,0
-0.7379428419621337,-0.8292578313086814,-0.018603686380017023,0.058462807744815125,-0.5101297487119534,-0.02723585927588235,0.39507765728619537,-0.917591974629531,0.05878623545379904,0,0,0,-0.5499156310332727,0.7942010514916963,0,0,0
1.906960571563608,0.9251280453122877,1.731353193660303,0.9849047924954097,1.2783293249204768,1.203874954047711,-0.041311661770454436,-0.917591974629531,1.412960860848035,1,1,0,0.8528500116370975,-1.0764415232021678,1,1,0
0.9848841521693121,1.1999113753854511,0.27022414818974455,1.3863629858873345,1.1770957924507162,0.9355559306310305,1.281080214158787,-0.917591974629531,0.4956167597745207,1,1,0,0.8306718987095022,0.7415068944580664,1,1,0
-0.7379428419621337,-0.6601603974175035,-1.411773241363574,-0.15770698869698965,-0.24017366212592595,-0.31133835465824955,0.1438232008596395,1.0664640577639635,-0.22515360535466938,0,1,0,-0.08971978778568074,0.5439038055819541,0,1,0
0.3539897599521634,1.453557526222218,-0.358401138815031,-0.6518093805639739,-1.0500419218840076,-0.5165234902121822,-0.821522868568707,-0.917591974629531,-0.5746180248112468,0,0,0,-0.7384295909178283,-1.0105738269101305,0,0,0
1.1062099968264567,-0.17400527498036752,0.35517351129849767,0.39815820215336684,0.6203113638670352,0.5725360754202274,0.40830157604548756,-0.917591974629531,0.4737752335584841,1,1,0,0.16255624676571004,-0.19381439288886618,1,1,0
-1.490163078836426,0.6926190737119184,-1.7006010759333352,-1.3775222686186062,-1.9442714587002228,-0.7690590416631752,-1.0331055687173856,0.1285466606324935,-1.6448528093970132,0,0,0,-1.2318926035568127,-0.22016147140568118,0,0,0
-0.3497001390592723,0.9674024037850819,-0.6132492281412911,0.8922605940203503,0.755289407160049,0.6356699632829752,0.8182430575835525,0.5253578671111925,0.5611413384226285,1,1,0,0.7502762393469713,1.0049776796262158,1,1,0
1.1062099968264567,1.6649293185861902,1.306606378116536,1.2165152886830584,1.31207383574373,1.566894809258514,1.6513499394189746,-0.917591974629531,1.4566439132801072,1,1,0,1.254828308449753,1.0444982974014378,1,1,0
0.30545942208930577,-0.32196552963514774,-0.34141126619327994,-0.08050348996777372,0.029782424460100602,0.714587323111411,-0.1338790930855011,-0.917591974629531,-0.22515360535466938,0,1,0,-0.33367902998922316,-0.2992027069561256,0,1,0
-0.5680866594421312,0.16418959280198805,-0.9870264258198066,-0.43563958412216824,-0.47638523788869996,-0.02723585927588235,0.6860038699906282,0.8860953275463733,-0.05042139562638081,1,1,0,0.11265549267862086,0.9918041403678081,1,1,0
0.40252009781502107,0.037366517383604685,0.16828491245924024,-1.238555970906017,-1.319998008470035,-0.9900276491827945,-0.9405381374023385,0.6191496068243394,-0.7930332869716076,0,0,0,-0.5000148769461845,-1.1554827587526126,0,0,0
1.2275358414836004,1.2421857338582456,1.238646887629533,1.5407699833457662,1.5651576669181304,1.124957594219275,-0.4777009808271042,-0.917591974629531,1.369277808415963,1,1,0,0.7779988805064652,-1.1423092194942053,1,1,0
-0.6894125040992759,0.43897292287515166,0.389153256541999,0.7224128968160748,0.8565229396298092,1.1091741222535885,-0.821522868568707,1.9683077088519159,1.3037532297678542,0,1,0,1.0857201973768427,-0.44411163879860815,0,1,0
0.7179672939235955,-0.300828350398751,-0.37539101143678133,-0.6518093805639739,-0.8981916231793674,0.2410831641407979,0.4347494135640723,-0.917591974629531,-0.09410444805845297,0,1,0,-0.5083316692940328,0.04330931376246897,0,1,0
-1.781345106013572,-1.252001416036625,-0.4433505019237841,-1.1304710726851144,-0.8981916231793674,-0.847976401491611,-0.014863824251869568,-0.5279955173595355,-1.0114485491319674,0,0,0,-1.151496944194282,0.9522835225925859,0,0,0
-0.1555787876078416,-0.7869834728358869,0.1343051672157389,-0.15770698869698965,-1.1344031989421415,-0.3429052985896238,-0.31901395571559515,-0.6867199999510152,-0.48725191994710243,0,1,0,-0.7107069497583355,-0.23333501066408838,0,1,0
-0.616616997304989,-1.8649796138921448,-0.9020770627110526,-1.0687082737017415,-0.62823553659334,-0.8164094575602369,-1.681077587922714,0.23676789876304782,-1.1424977064281838,0,1,0,-1.1681305288899777,-1.3399123083703177,0,1,0
-1.1019203759335656,-0.3642398881079421,-0.9190669353328038,0.25919190444077783,0.09727144610660748,-0.31133835465824955,0.3157341447304408,1.1891147943119253,0.05878623545379904,1,1,0,0.20136794438900107,0.9127629048173637,1,1,0
-0.10704844974498387,0.6292075360027263,0.4910924922725032,0.45992100113673984,0.1647604677531144,1.2827923138761461,0.7785713013056754,-0.917591974629531,0.7358735481509171,1,0,0,0.29008039609938036,0.8337216692669185,1,0,0
-0.2769046322649853,-0.27969117116235326,-0.9190669353328038,-0.3584360853929523,-1.1344031989421415,-0.5954408500406175,-1.5620623190890823,-0.917591974629531,0.3427260762622676,0,0,0,-1.2596152447163067,-1.405780004662355,0,0,0
0.06280773277501739,-0.08945655803477863,-0.4943201197890366,0.6915314973243883,-0.12206787424453931,0.9039889866996563,0.7653473825463828,1.2468327879815542,0.8232396530150614,1,1,0,0.8112660498978577,0.7283333551996585,1,1,0
-0.058518111882126266,0.7348934321847129,0.5930317280030073,0.6606500978327018,0.4009720435158883,0.6830203791800368,-0.37190963075276484,1.2468327879815542,0.8013981267990249,1,1,0,0.8861171810284899,-0.3387233247313484,1,1,0
0.111338070637875,0.3544242059295628,-0.8680973174675513,0.19742910545740475,0.24912174481124832,-0.39025571448668545,-1.1785686750696023,-0.917591974629531,0.582982864638665,0,1,0,-0.6802120444828927,-1.2345239943030577,0,1,0
-0.7379428419621337,0.5446588190571373,-0.37539101143678133,0.33639540316999383,0.7890339179833025,0.32000052396923384,0.8579148138614301,-0.917591974629531,-5.263279327690051e-18,1,1,0,-0.006551864307201066,1.2552749255359588,1,1,0
-0.44676081478498764,-1.2942757745094196,-2.465145343912116,0.33639540316999383,0.6540558746902887,0.32000052396923384,1.0562735952508164,-0.917591974629531,0.036944709237763475,0,0,0,-0.5360543104535267,1.294795543311181,0,0,0
0.8635583075121684,0.8828536868394931,1.306606378116536,1.0775489909704692,0.5865668530437819,1.124957594219275,-0.4777009808271042,-0.917591974629531,1.0853379676074943,1,1,0,0.45641624305634065,-0.9447061306180929,1,1,0
0.47531560460930705,0.2276011305111793,-1.0719757889285597,-0.20402908793451976,0.3672275326926349,0.9039889866996563,0.9372583264171847,0.5253578671111925,0.3427260762622676,0,0,1,0.48413888421583356,0.6756391981660291,0,0,1
-4.304922674882169,-2.0552142270197193,-3.7223959179216664,-1.6708955637896277,-1.4718483071746753,-2.1737880466093262,-1.363703537699696,-0.28269404426361255,-1.4482790734526891,0,0,0,-2.69287579266212,0.9786306011094007,0,0,0
0.5966414492664518,1.1999113753854511,1.1876772697642817,1.617973482074983,0.6540558746902887,1.2985757858418334,0.0909275258224698,1.6075702484167351,0.2553599713981233,1,1,0,1.6762124540740537,-0.23333501066408838,1,1,0
-1.271776558453567,-0.34310270887154537,0.23624440294624305,-0.6209279810722873,-0.8981916231793674,0.3989178837976689,-1.1124490812731402,-0.917591974629531,-0.509093446163138,1,0,0,-0.9324880790342835,-0.41776456028179343,1,0,0
1.4459223618664607,0.6714818944755208,1.4425253590905416,0.5371244998659558,1.851986008915784,1.1407410661849624,-0.2528943619191332,-0.917591974629531,1.5003269657121796,1,1,0,0.6781973723322888,-1.0369209054269457,1,1,0
0.7664976317864531,-0.23741681268955878,0.5590519827595061,-0.5746058818347572,0.3672275326926349,-0.6427912659376783,-1.0331055687173856,-0.917591974629531,-0.39988581508295806,0,1,0,-0.5831828004246642,-1.4453006224375775,0,1,0
-0.2769046322649853,-0.8926693690178725,0.35517351129849767,-0.04962209047608717,-0.05457885259803251,-0.02723585927588235,0.46119725108265713,-0.917591974629531,-0.006738343194308571,1,1,0,-0.375262991728464,0.6097715018739907,1,1,0
1.1062099968264567,0.43897292287515166,0.9837987983032731,1.4172443853790209,0.6878003855135422,0.5251856595231659,0.06447968830388494,1.9683077088519159,1.0198133889593854,0,1,0,1.568094153552029,-0.5363264136074607,0,1,0
-2.1210574710535757,-0.6601603974175035,-1.2928441330113183,-0.018740690984400718,-0.2907904283608065,0.08324844448392761,0.3818537385269027,0.8860953275463733,-4.243994429105305,0,1,0,-0.16179865480036426,1.5319192499625154,0,1,0
0.47531560460930705,0.26987548898397384,1.1367076518990287,0.2283105049490913,0.6371836192786624,0.035898028586865915,1.0166018389729388,1.2468327879815542,0.6703489695028093,0,1,0,1.1134428385363366,0.7546804337164736,0,1,0
1.4459223618664607,0.037366517383604685,0.9328291804380213,-0.46652098361385475,0.755289407160049,0.7935046829398462,-0.0016399054925773865,-0.917591974629531,0.582982864638665,1,1,0,0.14315039795406453,-0.7866236595172035,1,1,0
0.5966414492664518,0.16418959280198805,-0.5282998650325381,0.4135989018992097,0.4009720435158883,0.11481538841530185,0.4347494135640723,1.2468327879815542,0.38640912869433974,1,1,0,0.728098126419377,0.10917701005450613,1,1,0
0.8635583075121684,0.07964087585639917,1.1027279066555278,0.3055140036783073,0.5528223422205285,0.3042170520035464,-1.363703537699696,-0.917591974629531,0.18983539275001549,1,1,0,-0.15625412656846566,-1.8273332609313948,1,1,0
0.30545942208930577,-0.32196552963514774,-0.34141126619327994,-0.08050348996777372,0.029782424460100602,0.714587323111411,-0.1338790930855011,-0.917591974629531,-2.2564155434460234,1,1,0,-0.33367902998922316,-0.2992027069561256,1,1,0
0.6937021249921672,-0.6601603974175035,0.8308899447075172,-0.00329999123855779,-0.4426407270654466,0.35156746790060794,0.47442116984194993,-0.917591974629531,0.08062776166983562,1,0,0,-0.14239280598871873,0.09600347079609892,1,0,0
-0.9805945312764209,-0.32196552963514774,0.04935580410698568,0.45992100113673984,0.8565229396298092,0.4778352436261048,-0.570268412142151,1.2468327879815542,0.36456760247830416,0,1,0,0.5146337894912772,-0.03573192178797612,0,1,0
2.076816754083609,1.8340267524773677,1.799312684147306,1.741499080041729,1.851986008915784,1.4879774494300784,1.6116781831410973,1.9683077088519159,1.9153159638168642,1,1,0,2.737989610482655,0.4780361092899162,1,1,0
0.5966414492664518,1.8974382901865594,0.10032542197223746,0.9540233930037233,1.0421177491577027,1.1565245381506495,1.5852303456225127,-7.131300542474036e-19,0.9761303365273134,0,1,0,1.7997762260992256,1.255274925535958,0,1,0
0.9363538143064557,1.369008809276629,1.1197177792772786,1.617973482074983,1.5989021777413837,1.3617096737045822,-0.2661182806784254,1.6075702484167351,1.412960860848035,0,1,0,1.817597923987471,-0.7734501202587957,0,1,0
-1.9026709506707167,-0.23741681268955878,-0.9870264258198066,-0.6518093805639739,-1.3537425192932884,-0.6427912659376783,-0.887642462365169,-0.051822069585096865,-1.2080222850762927,1,1,0,-1.0738735489476998,0.1486976278297293,1,1,0
-1.1019203759335656,-0.32196552963514774,-0.5962593555195408,-0.2966732864095792,0.06352693528335404,-0.35868877055531123,0.6198842761941664,0.7057265973287828,-0.18147055292259723,1,1,0,0.0239430409682426,1.215754307760736,1,1,0
-0.44676081478498764,-0.27969117116235326,-1.6156517128245818,-1.8098618615022166,-0.7125968136514739,-1.053161537045543,-2.31582568836875,-0.253835047428798,-1.7977434929092662,0,1,0,-1.5673365615866843,-2.06445696758273,0,1,0
-0.8107383487564196,-0.004907841089189717,0.4401228744072515,-0.1731476884428332,0.21537723398799485,0.5409691314888532,0.5537646823977045,-0.917591974629531,0.015103183021726897,0,1,0,-0.16457091891631404,0.9918041403678085,0,1,0
-0.058518111882126266,0.39669856440235723,1.1027279066555278,0.058462807744815125,0.6034391084554089,-0.2324209948298144,1.0166018389729388,1.2468327879815542,0.5174582859905563,0,1,0,0.9803741609707678,1.0444982974014378,0,1,0
-0.3497001390592723,0.7348934321847129,-0.7831479543587981,0.19742910545740475,0.4009720435158883,0.16216580431236277,1.0959453515286932,1.3983425213643301,0.2990430238301955,0,0,0,0.819582842245705,1.2816220040527733,0,0,0
1.7371043890436053,1.538106243167807,1.0177785435467743,0.9385826932578805,1.4976686452716235,0.4304848277290432,-1.363703537699696,-0.917591974629531,0.692190495718845,1,1,0,0.41206001720115104,-2.3015806742340645,1,1,0
-0.058518111882126266,0.43897292287515166,0.20226465770274168,1.309159487158118,0.7215448963367956,0.33578399593492053,0.05125576954459224,1.2468327879815542,0.8669227054471336,0,1,0,0.9803741609707678,0.08282993153769119,0,1,0
1.276066179346458,-0.06831937879838187,1.1706873971425305,0.5062431003742692,1.075862259980956,0.6988038511457236,-0.34546179323418,-0.917591974629531,0.7795566005829893,0,0,0,0.2873081319834305,-1.0369209054269455,0,0,0
0.6451717871293094,0.037366517383604685,0.9328291804380213,0.47536170088258267,0.5865668530437819,0.09903191644961439,0.3025102259711481,-0.917591974629531,0.6266659170707373,1,1,0,0.13483360560621616,-0.048905461046383915,1,1,0
0.06280773277501739,1.4112831677494233,0.4571127470290018,-0.43563958412216824,-0.020834341774779067,1.0302567624251526,1.0166018389729388,-0.917591974629531,0.4737752335584841,1,1,0,0.22077379320064563,0.9786306011094007,1,1,0
0.47531560460930705,-0.9772180859634615,0.8308899447075172,-0.43563958412216824,0.09727144610660748,-0.7532755696974884,-1.138896918791725,-0.917591974629531,-0.39988581508295806,1,1,0,-0.73011279856998,-1.3926064654039474,1,1,0
0.40252009781502107,1.2844600923310399,1.5444645948210458,1.2782780876664313,0.9577564720995697,0.8724220427682822,1.2281845391216173,1.9683077088519159,1.2163871249037108,0,1,0,2.014428676219875,1.0049776796262158,0,1,0
-0.2283742944021286,0.6926190737119184,-0.511309992410787,0.25919190444077783,0.755289407160049,0.714587323111411,1.0166018389729388,1.4632752642426625,0.2772014976141599,1,1,0,1.0469084997535516,1.136713072210291,1,1,0
0.30545942208930577,0.7771677906575074,1.4085456138470402,0.9849047924954097,1.2108403032739699,0.9355559306310305,0.06447968830388494,1.6075702484167351,1.2819117035518186,0,1,0,1.5320547200446877,-0.10159961808001335,0,1,0
-1.6600192613564284,-0.32196552963514774,-0.06957330424526949,0.12022560672818813,-0.24017366212592595,-0.07458627517294336,-1.271136106384649,-0.917591974629531,-0.7930332869716076,1,1,0,-0.8992209096428901,-0.36507040324816314,1,1,0
0.6937021249921672,1.369008809276629,0.8478798173292675,1.0003454922412534,0.8227784288065559,0.4304848277290432,1.6910216956968522,1.9683077088519159,1.10717949382353,1,0,0,1.8924490551181032,1.3079690825695882,1,0,0
-0.8592686866192774,-0.300828350398751,-0.10355304948877084,-0.43563958412216824,-0.8644471123561139,-0.6901416818347401,-0.7686271935315374,-0.917591974629531,-0.618301077243319,0,0,0,-1.0156560025127632,-0.2992027069561259,0,0,0
-0.6894125040992759,0.20646395127478256,-0.34141126619327994,-0.08050348996777372,-0.8981916231793674,0.4304848277290432,-0.3851335495120569,1.1746852958945178,0.10246928788587119,0,0,0,0.17087303911355842,-0.009384843271160528,0,0,0
0.111338070637875,1.5592434224042038,0.8139000720857661,1.1701931894455289,0.755289407160049,0.8092881549055336,1.3207519704366644,-0.917591974629531,0.9979718627433501,0,1,0,0.7447317111150727,1.255274925535958,0,1,0
0.8150279696493108,1.2421857338582456,0.06634567672873601,0.5525651996117994,-0.2907904283608065,-0.8637598734572978,-0.7025075997350753,-0.917591974629531,0.320884550046232,0,1,0,-0.3392235582211227,-1.1423092194942053,0,1,0
1.615778544386462,1.369008809276629,1.3405861233600371,0.969464092749567,1.0421177491577027,-4.5413088414623894,-3.3472913515935585,-7.131300542474036e-19,1.0853379676074943,1,1,0,-0.23744186139269607,-4.211743866703151,1,1,0
0.40252009781502107,0.14305241356559042,-0.7661580817370471,-0.9915047749725248,0.7721616625716761,0.8408550988369079,0.8843626513800149,1.9683077088519159,0.36456760247830416,0,1,0,0.9720573686229204,0.6624656589076212,0,1,0
0.111338070637875,-0.300828350398751,0.16828491245924024,-0.4047581846304817,-0.62823553659334,0.146382332346676,0.487645088601242,-0.917591974629531,0.015103183021726897,0,0,0,-0.4057578970039067,0.42534195225628624,0,0,0
-0.10704844974498387,0.26987548898397384,0.5930317280030073,0.07390350749065876,-0.13894012965616565,0.5883195473859142,0.487645088601242,-0.917591974629531,0.23351844518208772,1,1,0,-0.04259129781454232,0.5439038055819534,1,1,0
0.5238459424721648,-0.27969117116235326,0.89884943519452,-0.32755468590126574,0.029782424460100602,-0.04301933124156912,-0.7421793560129526,-0.917591974629531,0.21167691896605118,0,1,0,-0.4057578970039067,-1.023747366168538,0,1,0
-0.39823047692213,-0.6601603974175035,0.28721402081149483,0.07390350749065876,-0.4426407270654466,0.4147013557633564,0.8050191388242603,-0.917591974629531,-0.31251971021881375,0,1,0,-0.26160016297454064,1.0181512188846238,0,1,0
1.3973920240036029,0.2910126682203716,1.1027279066555278,0.7687349960536042,0.9577564720995697,1.077607178322214,-0.43802922454922666,-0.917591974629531,0.9106057578792058,1,1,0,0.41206001720115104,-1.1950033765278352,1,1,0
0.111338070637875,-1.421098849927803,-0.7151884638717954,-0.6981314798015031,-0.560746514946833,-0.5007400182464947,0.2760623884525638,-0.917591974629531,-0.661984129675391,1,0,0,-0.8964486455269414,0.21456532412176674,1,0,0
0.06280773277501739,-0.6601603974175035,0.7459405815987633,-0.37387678513879524,-0.4426407270654466,-0.04301933124156912,-0.5173727371049813,-0.917591974629531,-0.006738343194308571,1,0,0,-0.572093743960868,-0.549499952865868,1,0,0
-0.9805945312764209,-2.9218385757120053,-1.2588643877678167,-3.878915627445211,-3.9520698526838,-2.5210244298544424,-2.474512713480258,-0.7083642475771259,-2.4311477531743115,0,0,0,-3.2861403134752805,-1.9327215749986548,0,0,0
-0.8107383487564196,-0.026045020325587368,-0.5282998650325381,-0.43563958412216824,-0.7800858352979808,0.4147013557633564,0.6198842761941664,-0.917591974629531,-0.07226292184241741,1,0,0,-0.5443711028013741,1.0576718366598459,1,0,0
-0.8592686866192774,-0.8081206520722837,-0.22248215784102543,-0.1731476884428332,-0.6619800474165934,0.2410831641407979,-0.1338790930855011,-0.917591974629531,-0.31251971021881375,0,0,0,-0.7245682703380824,0.3331271774474341,0,0,0
-1.3203068963164248,-0.08945655803477863,-0.4433505019237841,0.058462807744815125,-0.05457885259803251,0.28843358003785957,0.5802125199162893,1.6075702484167351,-0.48725191994710243,1,0,0,0.5506732229986185,1.294795543311181,1,0,0
-1.8298754438764295,-0.300828350398751,0.2532342755679934,-0.9451826757349951,-0.5944910257700865,-1.431964864222033,-1.072777324995263,-0.917591974629531,-1.4701205996687257,0,0,0,-1.3095159988033949,-0.07525253956319863,0,0,0
1.324596517209316,0.1853267720383848,0.7459405815987633,1.1701931894455289,0.6878003855135422,1.4721939774643913,0.06447968830388494,1.2468327879815542,0.9106057578792058,0,1,0,1.3657188730877274,-0.654888266933128,0,1,0
-0.5680866594421312,0.43897292287515166,-0.6472289733847926,0.19742910545740475,-0.3920239608305668,-0.10615321910431759,-0.22644652440054838,-0.917591974629531,-0.22515360535466938,1,1,0,-0.5665492157289694,0.08282993153769119,1,1,0
0.9848841521693121,0.9674024037850819,0.389153256541999,0.5988872988493289,0.6878003855135422,0.8250716268712204,-0.3983574682713496,1.2468327879815542,0.7577150743669527,1,1,0,1.057997556217349,-0.9315325913596851,1,1,0
-0.9077990244821349,-0.7024347558902979,-1.1399352794155624,-1.0687082737017415,-2.2479720561095036,-0.7217086257661143,-0.6363880059386134,0.9438133212160024,-0.661984129675391,0,1,0,-0.8465478914398531,-0.1411202358552361,0,1,0
0.23266391529501973,1.2633229130946433,0.9837987983032731,0.7069721970702318,0.28286625563450174,0.193732748243737,0.289286307211856,-0.917591974629531,0.582982864638665,0,0,0,0.26235775493988645,0.16187116708813626,0,0,0
0.06280773277501739,1.0730882999670681,-0.7151884638717954,0.7532942963077613,0.8565229396298092,0.9355559306310305,1.0959453515286932,0.5253578671111925,0.4956167597745207,0,0,1,0.8972062374922871,1.0576718366598459,0,0,1
0.40252009781502107,0.4601101021115485,1.238646887629533,1.2165152886830584,1.379562857390237,0.9355559306310305,-0.4777009808271042,-0.917591974629531,0.9761303365273134,1,1,0,0.4591885071722895,-0.6944088847083506,1,1,0
-1.0291248691392785,-1.421098849927803,0.08333554935048713,-0.7598942787848763,0.09727144610660748,-1.8107681913985232,-1.6414058316448368,-0.8238002349163838,-0.9896070229159317,1,1,0,-1.3954561863978243,-1.0764415232021678,1,1,0
0.3539897599521634,0.8828536868394931,-0.03559355900176805,0.47536170088258267,0.26599400022287456,1.1565245381506495,1.0562735952508164,-0.917591974629531,0.6266659170707373,1,0,0,0.3455256784183661,0.8600687477837334,1,0,0
0.9363538143064557,0.5235216398207406,-0.18850241259752398,-0.08050348996777372,0.4009720435158883,-0.4533896023494339,0.7256756262685058,-0.917591974629531,0.320884550046232,0,1,0,-0.08971978778568074,0.21456532412176624,0,1,0
1.276066179346458,0.07964087585639917,0.89884943519452,0.3055140036783073,0.8227784288065559,0.5251856595231659,0.03803185078530005,-0.917591974629531,0.582982864638665,1,1,0,0.23463511378039256,-0.654888266933128,1,1,0
-1.0291248691392785,-0.5544745012355178,-0.4433505019237841,-0.15770698869698965,-0.17268464047941906,-0.31133835465824955,0.18349495713751654,1.2468327879815542,-0.07226292184241741,0,1,0,0.13760586972216496,0.7415068944580656,0,1,0
-1.1019203759335656,-0.5122001427627233,-1.0210061710633076,0.058462807744815125,-0.24017366212592595,-0.16928710696706595,0.6463321137127512,0.8860953275463733,-0.006738343194308571,1,1,0,0.0516656821277355,1.242101386277551,1,1,0
0.9848841521693121,0.4601101021115485,1.0857380340337772,0.7687349960536042,1.5989021777413837,0.004331084655491683,0.47442116984194993,-0.917591974629531,1.0853379676074943,0,0,0,0.49245567656368194,-0.06207900030479047,0,0,0
0.8150279696493108,0.2910126682203716,1.4085456138470402,1.479007184362394,1.244584814097223,1.1880914820820236,-0.530596655864274,-0.917591974629531,1.0416549151754222,0,1,0,0.5700790718102641,-0.9710532091349079,0,1,0
0.06280773277501739,-0.004907841089189717,1.0177785435467743,0.33639540316999383,0.1985049785763678,0.49361871559179155,0.7917952200649677,-0.917591974629531,0.23351844518208772,0,1,0,0.15978398264976026,0.7546804337164736,0,1,0
-0.8107383487564196,-0.23741681268955878,-0.2904416483280282,0.7532942963077613,-0.020834341774779067,-0.5480904341435565,0.9504822451764768,1.2468327879815542,0.12431081410190775,0,1,0,0.5368119024188726,1.3870103181200333,0,1,0
-0.058518111882126266,1.686066497822587,0.47410261965075284,0.6915314973243883,0.4009720435158883,0.5094021875574791,0.8579148138614301,-0.917591974629531,0.8013981267990249,0,1,1,0.3926541683895055,0.8864158263005486,0,1,1
-0.058518111882126266,-0.3642398881079421,-0.018603686380017023,0.5525651996117994,0.11414370151823461,0.8566385708025946,0.6595560324720433,1.6075702484167351,0.015103183021726897,0,1,0,0.9609683121591223,0.6888127374244356,0,1,0
-1.3688372341792825,0.16418959280198805,-0.7151884638717954,0.5525651996117994,0.1985049785763678,-0.7532755696974884,0.2628384696932711,-0.917591974629531,-0.18147055292259723,0,1,0,-0.5554601592651722,1.0049776796262158,0,1,0
1.0576796589635993,1.8974382901865594,1.0517582887902759,1.1393117899538423,0.6203113638670352,0.05168150055255338,-1.6414058316448368,1.6075702484167351,0.6703489695028093,1,1,0,1.1245318950001337,-2.209365899425212,1,1,0
1.4459223618664607,0.3544242059295628,0.6949709637335116,0.5680058993576422,0.46846106516239516,0.6988038511457236,1.2281845391216173,-0.917591974629531,0.7795566005829893,0,1,0,0.5257228459550743,0.43851549151469327,0,1,0
0.5238459424721648,-0.08945655803477863,0.16828491245924024,0.4135989018992097,0.29973851104612803,0.8566385708025946,-0.37190963075276484,1.2468327879815542,0.3427260762622676,0,1,0,0.7447317111150727,-0.654888266933128,0,1,0
-1.1019203759335656,-1.9495283308377338,-0.8680973174675513,-0.7135721795473469,-0.5101297487119534,0.3042170520035464,-0.23967044315984054,-0.7444379936206441,-1.1424977064281838,0,1,0,-1.0239727948606117,0.359474255964249,0,1,0
0.8150279696493108,0.5657959982935351,0.6949709637335116,0.07390350749065876,0.9746287275111958,-0.2324209948298144,0.6992277887499209,-0.917591974629531,0.3427260762622676,1,1,0,0.20136794438900107,0.25408594189698896,1,1,0
1.0576796589635993,0.7983049698939042,0.06634567672873601,0.7532942963077613,0.8565229396298092,-0.20085405089844016,1.1885127828437405,-0.917591974629531,0.320884550046232,1,1,0,0.3677037913459624,0.6097715018739912,1,1,0
-0.5680866594421312,-1.1251783406182427,-1.0210061710633076,-1.3466408691269198,-2.028632735758356,-1.763417775501462,-1.681077587922714,-0.6795052507423115,-1.7322189142611575,1,1,0,-1.8833746708049102,-1.3662593868871327,1,1,0
-0.058518111882126266,0.6292075360027263,0.33818363867674733,0.2746326041866207,0.7046726409251692,1.0302567624251526,-0.06775949928903928,1.2468327879815542,0.7358735481509171,0,1,0,0.9360179351155782,-0.03573192178797612,0,1,0
-0.7379428419621337,-1.421098849927803,-0.34141126619327994,-0.5591651820889142,0.6709281301019159,-1.8739020792612717,0.32895806348973294,-0.2682645458462053,-0.661984129675391,1,0,0,-0.6857565727147914,0.7283333551996585,1,0,0
-0.2283742944021286,0.9251280453122877,0.1343051672157389,-1.3466408691269198,0.1816327231647414,1.3143592578075205,0.10415144458176198,0.7562298417897081,0.2990430238301955,0,0,0,0.4425549224765937,0.22773886338017396,0,0,0
-0.44676081478498764,-1.082903982145448,-2.2612668724511074,-2.0723537571815522,-2.028632735758356,-1.8896855512269584,-1.8529885317935157,-0.23940554901139088,-1.1643392326442203,1,0,0,-2.0857499512692126,-1.6033830935384676,1,0,0
0.23266391529501973,0.20646395127478256,0.9158393078162703,0.923141993512037,0.9240119612763162,0.761937739008472,-0.5967162496607359,-0.917591974629531,0.36456760247830416,0,1,0,0.17087303911355742,-0.7207559632251657,0,1,0
0.7664976317864531,-0.7024347558902979,0.89884943519452,0.5988872988493289,0.1647604677531144,0.2410831641407979,0.4479733323233651,-0.917591974629531,0.6485074432867727,1,0,0,0.05443794624368528,0.030135774504061692,1,0,0
1.6885740511807479,-0.23741681268955878,1.3235962507382868,0.6452093980868588,0.3672275326926349,1.3459262017388947,0.9901540014543537,-0.917591974629531,0.9106057578792058,0,0,0,0.6393856747089978,0.06965639227928391,0,0,0
2.076816754083609,1.6649293185861902,1.1876772697642817,1.2782780876664313,1.767624731857651,1.0302567624251526,-0.1471030118447938,-0.917591974629531,1.6532176492244315,1,0,0,0.9609683121591223,-1.2740446120782802,1,0,0
1.1547403346893144,-0.44878860505353113,0.6779810911117605,-0.15770698869698965,0.21537723398799485,-0.5480904341435565,-0.45125314330851934,-0.917591974629531,-0.44356886751503016,1,1,0,-0.35862940703276824,-1.0764415232021678,1,1,0
-0.1555787876078416,0.5023844605843429,0.5250722375160046,0.21286980520324766,1.0589900045693297,-0.02723585927588235,-0.041311661770454436,-0.917591974629531,0.23351844518208772,0,1,0,-0.025957713118846586,0.04330931376246897,0,1,0
1.615778544386462,1.4112831677494233,1.374565868603539,1.617973482074983,0.7890339179833025,1.2196584260133978,-0.2661182806784254,1.6075702484167351,1.369277808415963,1,1,0,1.7843307545960785,-1.1423092194942053,1,1,0
1.615778544386462,1.4112831677494233,1.476505104334043,1.1393117899538423,1.3458183465669835,0.9355559306310305,-0.37190963075276484,-0.917591974629531,1.3911193346319985,0,1,0,0.7641375599267183,-1.2476975335614653,0,1,0
0.40252009781502107,0.26987548898397384,0.5930317280030073,0.13566630647403174,0.3672275326926349,0.09903191644961439,0.738899545027798,1.2468327879815542,0.4956167597745207,1,1,0,0.9082952939560842,0.5175567270651383,1,1,0
-0.2283742944021286,0.7771677906575074,0.27022414818974455,0.1511070062198747,0.9408842166879424,0.5883195473859142,-0.0016399054925773865,1.9683077088519159,-0.028579869410345148,0,1,0,1.1550268002755766,0.12235054931291403,0,1,0
0.014277394912159659,0.3544242059295628,0.8308899447075172,0.7532942963077613,0.3334830218693815,-0.04301933124156912,-0.5438205746235661,-7.131300542474036e-19,0.6048243908547006,0,1,0,0.7035437871066831,-0.549499952865868,0,1,0
0.8150279696493108,1.0096767622578762,-0.22248215784102543,0.12022560672818813,0.45158880975076815,0.193732748243737,1.3604237267145418,0.813947835459337,-0.15962902670656165,0,1,0,0.9110675580720341,0.9127629048173637,0,1,0
-0.058518111882126266,-1.5479219253461862,0.35517351129849767,-0.04962209047608717,-0.8644471123561139,0.193732748243737,0.2099427946561013,-0.917591974629531,-0.09410444805845297,0,0,0,-0.5831828004246652,0.2409124026385812,0,0,0
0.5966414492664518,0.2910126682203716,0.4061431291637501,-0.6209279810722873,0.4009720435158883,0.761937739008472,0.487645088601242,-0.917591974629531,0.2772014976141599,1,1,0,0.004537192156597078,0.16187116708813626,1,1,0
-0.5195563215792736,0.037366517383604685,-1.9554491652595953,-0.43563958412216824,-0.3582794500073133,-1.1952127847367262,-0.5570444933828588,-0.5568545141943501,-1.3827544948045813,0,0,0,-1.057239964252004,-0.2728556284393112,0,0,0
1.1547403346893144,1.0308139414942732,1.5444645948210458,1.0466675914787829,1.5989021777413837,-0.20085405089844016,-0.09420733680762405,-0.19611705375916919,0.8232396530150614,0,0,1,0.833444162825452,-0.7207559632251657,0,0,1
-0.2283742944021286,-0.4910629635263256,0.4061431291637501,-0.6981314798015031,-0.257045917537553,-0.02723585927588235,-0.2661182806784254,-0.917591974629531,-0.028579869410345148,0,0,0,-0.610905441584158,-0.14112023585523556,0,0,0
0.3539897599521634,-0.6601603974175035,-0.34141126619327994,-0.5746058818347572,-0.5101297487119534,-1.8896855512269584,-1.6943015066820064,-0.917591974629531,-0.8585578656197154,0,0,0,-1.334466375846939,-1.880027417965025,0,0,0
0.5966414492664518,0.48124728134794614,0.4571127470290018,0.19742910545740475,0.45158880975076815,0.5251856595231659,1.3339758891959568,-0.917591974629531,0.7577150743669527,1,1,0,0.32889209372267136,1.0049776796262158,1,1,0
1.5672482065236042,1.0308139414942732,1.3575759959817884,0.7841756957994478,1.2614570695088496,1.3301427297732076,1.5852303456225127,-0.917591974629531,1.3255947559838908,1,0,0,1.0912647256087413,0.7283333551996585,1,0,0
-1.3203068963164248,-1.1885898783274338,0.35517351129849767,-0.9451826757349951,-0.24017366212592595,0.004331084655491683,0.18349495713751654,-0.917591974629531,-0.1377875004905251,1,0,0,-0.7772412885411194,0.8995893655589559,1,0,0
0.5238459424721648,0.1853267720383848,1.1536975245207801,0.01214070850728574,-0.3414071945956862,0.193732748243737,-1.509166644051913,-0.015748323541578662,0.23351844518208772,0,0,0,-0.07585846720593478,-1.7878126431561723,0,0,0
1.276066179346458,-0.42765142581713433,0.16828491245924024,-1.3466408691269198,-0.42576847165382026,0.5251856595231659,0.18349495713751654,-0.917591974629531,0.08062776166983562,0,0,0,-0.4223914816996024,-0.5099793350906456,0,0,0
1.1547403346893144,-0.5967488597083123,0.7459405815987633,1.3400408866498044,1.6326466885646373,0.7935046829398462,-0.6628358434571983,-0.917591974629531,0.9542888103112778,0,1,0,0.3261198296067216,-1.2872181513366883,0,1,0
-0.9805945312764209,-0.7658462935994892,-1.2928441330113183,-1.2848780701435465,-1.6236986058793157,-0.3429052985896238,-1.2182404313474795,-0.917591974629531,-1.3390714423725094,0,1,0,-1.5950592027461776,-0.6812353454499431,0,1,0
-1.490163078836426,-1.6536078215281729,-1.972439037881346,-1.2848780701435465,-0.9656806448258743,-1.8107681913985232,-1.8529885317935157,-0.47749227289861024,-1.7322189142611575,1,0,0,-1.9942652354428843,-1.0369209054269457,1,0,0
0.184133577432162,0.16418959280198805,0.04935580410698568,0.12022560672818813,0.6371836192786624,-0.9111102893543597,0.1570471196189317,-0.4342037776463885,-0.31251971021881375,1,1,0,-0.12298695717707321,0.05648285302087619,1,1,0
2.2709381055350395,0.6714818944755208,1.3405861233600371,0.47536170088258267,0.6878003855135422,1.0302567624251526,0.9504822451764768,-0.917591974629531,1.0634964413914578,1,1,0,0.7863156728543136,-0.2860291676977184,1,1,0
-0.5680866594421312,-0.8081206520722837,-1.343813750876571,-0.7135721795473469,-0.5101297487119534,-0.8637598734572978,-1.456270969014743,0.1646204066760116,-0.8803993918357518,0,1,0,-1.0017946819330172,-1.1423092194942055,0,1,0
-0.7379428419621337,-0.9983552651998593,-1.1399352794155624,-0.6518093805639739,-1.8936546924653428,-2.0790872148152038,-0.5173727371049813,0.5830758607808214,-1.1861807588602558,1,1,0,-1.084962605411497,-0.11477315733842056,1,1,0
0.9363538143064557,0.6714818944755208,0.9158393078162703,0.7996163955452908,0.7890339179833025,0.9829063465280915,-0.5967162496607359,-0.917591974629531,0.9542888103112778,1,1,0,0.30671398079507606,-1.1027886017189827,1,1,0
0.014277394912159659,0.01622933814720703,0.5080823648942543,-0.31211398615542213,-0.9319361340026209,0.35156746790060794,0.8711387326207222,-0.917591974629531,0.18983539275001549,1,0,0,-0.23664978593099656,0.8600687477837334,1,0,0
0.014277394912159659,-0.8503950105450782,-0.5962593555195408,0.33639540316999383,-0.17268464047941906,-0.4691730743151207,0.6463321137127512,1.2468327879815542,0.10246928788587119,0,1,0,0.35107020665026567,0.6361185803908063,0,1,0
-0.8107383487564196,-0.23741681268955878,-0.10355304948877084,-0.018740690984400718,0.8565229396298092,0.4304848277290432,0.10415144458176198,1.2468327879815542,0.14615234031794336,0,0,0,0.5673068076943142,0.5439038055819534,0,0,0
-1.3688372341792825,-1.421098849927803,-1.802540311663839,-1.7172176630271574,-2.4841836318722765,-1.3846144483249716,-1.1785686750696023,1.023175562511742,-1.3609129685885446,0,0,0,-1.4564459969487102,-0.43093809954020096,0,0,0
-0.058518111882126266,0.20646395127478256,0.08333554935048713,0.12022560672818813,-0.13894012965616565,0.28843358003785957,0.5140929261198269,1.2468327879815542,0.14615234031794336,1,1,0,0.6643360517525418,0.5439038055819534,1,1,0
0.23266391529501973,1.453557526222218,0.4910924922725032,0.2746326041866207,0.6709281301019159,1.3774931456702688,0.8711387326207222,-0.917591974629531,0.9542888103112778,1,0,0,0.5229505818391246,0.7415068944580656,1,0,0
0.23266391529501973,-0.5967488597083123,0.2532342755679934,-0.4974023831055413,-0.3582794500073133,0.05168150055255338,-0.4777009808271042,-0.23219079980268728,0.015103183021726897,0,0,0,-0.3447680864530203,-0.6021941098994985,0,0,0
-0.058518111882126266,0.39669856440235723,-0.6132492281412911,0.8922605940203503,0.012910169048474276,0.6356699632829752,0.9901540014543537,1.2468327879815542,0.4737752335584841,0,1,0,0.8999785016082359,1.018151218884623,0,1,0
-0.39823047692213,-0.9560809067270648,0.5590519827595061,0.7224128968160748,0.1647604677531144,0.9355559306310305,0.5537646823977045,-0.917591974629531,0.4082506549103763,0,0,0,-0.0010073360753024862,0.7678539729748812,0,0,0
0.8635583075121684,-0.8715321897814758,1.2896165054947857,0.6452093980868588,1.4301796236251167,0.05168150055255338,-0.7686271935315374,-0.3764857839767595,0.320884550046232,0,1,0,0.2429519061282409,-1.2345239943030577,0,1,0
0.8635583075121684,1.2210485546218488,0.8648696899510186,1.0003454922412534,0.991500982922823,0.5883195473859142,0.8314669763428452,-0.917591974629531,0.6266659170707373,1,1,0,0.6615637876365921,0.359474255964249,1,1,0
-1.9026709506707167,-0.4699257842899288,-0.5282998650325381,-0.46652098361385475,-0.4426407270654466,0.020114556621179152,0.6727799512313362,1.2468327879815542,-0.3562027626508859,0,0,0,0.09602190798292512,1.7031752603218133,0,0,0
-1.951201288533574,1.4958318846950123,1.0177785435467743,1.6488548815666695,1.6832634547995171,1.1880914820820236,-3.3472913515935585,-0.917591974629531,1.5221684919282148,1,1,0,-0.13962054187276993,-2.2752335957172494,1,1,0
-0.6894125040992759,1.2210485546218488,-0.511309992410787,-0.08050348996777372,0.14788821234148805,-0.18507057893275342,0.3421819822490257,-0.19611705375916919,0.14615234031794336,0,0,0,-0.034274505466693965,0.7151598159412513,0,0,0
-1.198981051659281,-0.7024347558902979,-1.0719757889285597,-0.15770698869698965,-0.3245349391840599,-0.8164094575602369,0.10415144458176198,1.2468327879815542,-0.46541039373106585,1,1,0,-0.13407601364087038,0.7546804337164736,1,1,0
-1.6600192613564284,-0.32196552963514774,-0.5962593555195408,-1.2076745714143302,-1.9780159695234758,0.004331084655491683,-0.10743125556691623,0.14297615904990077,-0.3780442888669225,0,0,0,-0.8437756273239043,0.7942010514916963,0,0,0
0.184133577432162,-1.1885898783274338,-0.4093707566802827,-0.5128430828513842,0.1816327231647414,0.55675260345454,-0.4777009808271042,0.20790890192823333,-0.26883665778674165,0,0,0,-0.19229356007580692,-0.5758470313826834,0,0,0
-0.2283742944021286,0.7771677906575074,0.389153256541999,-0.04962209047608717,0.029782424460100602,0.44626829969473064,0.6860038699906282,-0.917591974629531,0.2772014976141599,1,0,0,-0.0010073360753024862,0.8073745907501034,1,0,0
-0.7379428419621337,-0.5967488597083123,0.28721402081149483,-0.04962209047608717,-0.05457885259803251,-1.2741301445651625,0.19671887589680923,1.2901212832337758,-0.5964595510272824,0,0,0,0.1736453032295072,0.596597962615584,0,0,0
-0.6894125040992759,0.01622933814720703,-1.1909048972808143,-0.5128430828513842,-1.1512754543537678,-0.7217086257661143,-2.024899475664317,0.10690241300638267,-1.0551316015640395,1,0,0,-1.0683290207158012,-1.6429037113136897,1,0,0
0.47531560460930705,0.9674024037850819,-1.0040162984415573,0.4135989018992097,0.5022055759856486,0.7777212109741595,1.4662150767888813,1.080893556181371,0.36456760247830416,0,0,1,1.0275026509419063,1.2025807685023286,0,0,1
1.1547403346893144,1.7283408562953815,0.6609912184900102,1.7106176805500424,1.379562857390237,0.3989178837976689,1.082721432769401,1.4993490102861806,1.2819117035518186,0,1,0,1.8674986780745593,0.45168903077310124,0,1,0
0.40252009781502107,-0.4910629635263256,0.8648696899510186,0.1047849069823453,-0.3245349391840599,0.6041030193516009,0.8711387326207222,-0.917591974629531,0.5174582859905563,0,1,0,0.018398512736343034,0.6492921196492134,0,1,0
0.47531560460930705,0.5023844605843429,-0.18850241259752398,-0.1731476884428332,0.6371836192786624,0.6988038511457236,-0.5173727371049813,1.9683077088519159,0.4737752335584841,0,1,0,0.9277011427677297,-0.7734501202587951,0,1,0
-0.9077990244821349,-1.0406296236726538,-1.2248846425243158,-0.6518093805639739,-0.7800858352979808,-0.6743582098690526,-0.3983574682713496,0.5975053591982287,-0.44356886751503016,0,1,0,-0.6635784597871961,0.09600347079609892,0,1,0
0.3539897599521634,1.0942254792034651,0.6270114732465087,0.2746326041866207,0.6371836192786624,0.3831344118319822,0.10415144458176198,-0.917591974629531,0.320884550046232,1,1,0,0.17087303911355842,-0.08842607882160614,1,1,0
-0.10704844974498387,0.10077805509279593,0.5080823648942543,-1.1459117724309573,-1.5055928179979288,-2.300055822334823,-2.5935279823138906,0.4459956258154526,-0.9677654966998953,0,0,0,-1.151496944194282,-2.5255308416269924,0,0,0
-0.39823047692213,-0.4910629635263256,0.20226465770274168,0.45992100113673984,1.008373238334449,0.3831344118319822,0.19671887589680923,-0.917591974629531,0.4737752335584841,0,0,0,-0.07863073132188358,0.41216841299787915,0,0,0
1.4459223618664607,0.1853267720383848,0.9328291804380213,-0.4974023831055413,0.06352693528335404,0.714587323111411,-0.12065517432620891,-0.917591974629531,0.4082506549103763,1,1,0,0.004537192156597078,-0.9051855128428707,1,1,0
0.6937021249921672,0.7771677906575074,0.1343051672157389,1.309159487158118,1.143351281627463,0.44626829969473064,0.03803185078530005,-0.917591974629531,1.10717949382353,0,0,0,0.3538424707662145,-0.3387233247313484,0,0,0
-0.2769046322649853,-0.8503950105450782,-0.25646190308452677,0.12022560672818813,-1.8599101816420893,0.3989178837976689,-0.014863824251869568,-0.28269404426361255,-0.26883665778674165,1,0,0,-0.5166484616418813,0.13552408857132114,1,0,0
1.0576796589635993,1.051951120730671,-0.03559355900176805,0.8922605940203503,0.4009720435158883,0.8092881549055336,1.0298257577322312,-0.917591974629531,0.845081179231097,0,1,0,0.47859435598393596,0.45168903077310124,0,1,0
-0.8107383487564196,-1.1463155198546393,-0.37539101143678133,-1.4238443678561354,-1.9442714587002228,-0.4060391864523722,0.5802125199162893,0.6480086036591538,-0.46541039373106585,0,0,0,-0.585955064540615,1.0181512188846238,0,0,0
0.30545942208930577,-0.27969117116235326,-1.1399352794155624,0.12022560672818813,-0.8981916231793674,-0.3744722425209979,-1.3372557001811112,0.5975053591982287,-0.8585578656197154,0,1,0,-0.43625280227934937,-1.4979947794712074,0,1,0
-0.2769046322649853,0.10077805509279593,-0.4943201197890366,0.25919190444077783,0.13101595692986093,-0.31133835465824955,0.8314669763428452,0.8860953275463733,-0.028579869410345148,0,1,0,0.4231490736649482,0.9786306011094007,0,1,0
-0.7379428419621337,-0.5544745012355178,-0.5282998650325381,0.47536170088258267,0.012910169048474276,1.1880914820820236,-0.17355084936337864,1.6075702484167351,0.12431081410190775,0,1,0,0.6282966182452006,0.22773886338017396,0,1,0
0.3539897599521634,-0.9138065482542703,-0.10355304948877084,-0.15770698869698965,-0.8138303461212342,-0.3744722425209979,0.3554059010083178,-0.917591974629531,0.08062776166983562,1,0,0,-0.6081331774682093,0.16187116708813626,1,0,0
-0.3497001390592723,-0.4699257842899288,0.3211937660549962,-1.578251365314568,0.46846106516239516,-0.16928710696706595,1.4926629143074661,1.4055572705730337,0.3427260762622676,0,0,0,0.5617622794624156,1.6768281818049984,0,0,0
-1.6114889234935708,-0.7658462935994892,-1.8365200569073405,-0.43563958412216824,-1.4043592855281686,-0.5007400182464947,-1.1785686750696023,-0.4053447808115741,-1.0332900753480039,1,1,0,-1.3899116581659257,-0.2992027069561259,1,1,0
1.1547403346893144,0.5023844605843429,1.476505104334043,1.2165152886830584,1.767624731857651,0.3831344118319822,-0.7950750310501222,-0.917591974629531,1.2163871249037108,1,1,0,0.4896834124477331,-1.4189535439207626,1,1,0
0.184133577432162,-0.6178860389447091,-1.6156517128245818,-0.6363686808181301,0.4853333205740215,0.05168150055255338,-1.0595534062359706,0.23676789876304782,-0.26883665778674165,0,1,0,-0.48615355636643853,-1.155482758752613,0,1,0
0.5238459424721648,0.48124728134794614,0.33818363867674733,0.5680058993576422,0.3672275326926349,0.28843358003785957,1.1885127828437405,-0.917591974629531,-0.618301077243319,0,1,0,0.281763603751532,0.8995893655589564,0,1,0
0.111338070637875,0.16418959280198805,0.6779810911117605,0.1047849069823453,0.3334830218693815,0.193732748243737,0.7256756262685058,-0.917591974629531,0.3427260762622676,1,0,0,0.04612115389583692,0.6624656589076212,1,0,0
1.518717868660746,1.9397126486593537,1.1876772697642817,1.1393117899538423,0.1985049785763678,0.6988038511457236,0.897586570139307,-0.917591974629531,1.1290210200395665,1,1,0,0.8112660498978577,0.06965639227928391,1,1,0
-0.3497001390592723,-0.1317309165075731,-0.8001378269805485,0.5525651996117994,-0.08832336342128587,-0.04301933124156912,0.487645088601242,0.3810628829371202,0.45193370734244853,1,1,0,0.13206134149026735,0.6756391981660285,1,1,0
-0.9805945312764209,0.6292075360027263,0.1343051672157389,-0.7135721795473469,0.23224948939962117,0.32000052396923384,0.2099427946561013,0.04196967012805019,-0.028579869410345148,0,1,0,0.012853984504444456,0.7415068944580656,0,1,0
1.1547403346893144,0.14305241356559042,1.0517582887902759,-0.15770698869698965,-0.20642915130267253,-1.258346672599475,-0.6363880059386134,-0.917591974629531,0.167993866533979,0,1,0,-0.4528863869750461,-1.260871072819873,0,1,0
1.7371043890436053,0.8828536868394931,-0.8850871900893024,1.2473966881747447,1.31207383574373,0.035898028586865915,1.5852303456225127,1.2468327879815542,1.2819117035518186,1,1,0,1.4211641554067143,0.6361185803908063,1,1,0
0.5238459424721648,-0.34310270887154537,0.8648696899510186,1.0466675914787829,0.11414370151823461,-0.5954408500406175,-1.1521208375510175,-0.917591974629531,0.430092181126412,0,0,0,-0.34199582233707154,-1.43212708317917,0,0,0
0.40252009781502107,-0.5544745012355178,1.2556367602512843,-0.2349104874262062,0.6203113638670352,0.6988038511457236,-0.30579003695630297,-0.917591974629531,0.7358735481509171,0,1,0,-0.06199714662618785,-0.5231528743490534,0,1,0
-0.44676081478498764,0.16418959280198805,-0.4093707566802827,-0.5128430828513842,-1.2356367314119017,-0.3429052985896238,-1.138896918791725,-0.051822069585096865,-0.8803993918357518,1,1,1,-0.716251477990234,-0.8920119735844629,1,1,1
-1.198981051659281,-1.1885898783274338,0.04935580410698568,-2.813507344982028,-0.5270020041235797,-2.252705406437762,-1.7339732629598836,-0.19611705375916919,-1.5574867045328689,1,0,0,-1.7170388238479488,-1.0764415232021678,1,0,0
-0.616616997304989,0.20646395127478256,-0.37539101143678133,-0.15770698869698965,-0.7125968136514739,0.4147013557633564,0.9108104888985998,-0.917591974629531,-0.028579869410345148,1,0,0,-0.3447680864530203,1.242101386277551,1,0,0
0.9848841521693121,1.9397126486593537,0.20226465770274168,1.1084303904621562,-0.15581238506779274,0.714587323111411,0.738899545027798,1.6075702484167351,0.6703489695028093,0,0,0,1.4655203812619038,0.20139178486335899,0,0,0
-0.8107383487564196,-0.1317309165075731,-1.1059555341720613,-0.43563958412216824,-0.24017366212592595,-0.011452387310194885,0.8843626513800149,0.5253578671111925,-0.15962902670656165,0,1,0,-0.028729977234795385,1.321142621827996,0,1,0
0.06280773277501739,0.9251280453122877,0.8818595625727689,0.7841756957994478,0.9240119612763162,-0.20085405089844016,0.6198842761941664,-0.917591974629531,0.430092181126412,0,1,0,0.3011694525631775,0.5834244233571763,0,1,0
1.324596517209316,-0.06831937879838187,0.9328291804380213,0.39815820215336684,0.7215448963367956,0.8250716268712204,0.5008690073605349,-0.917591974629531,0.5392998122065928,1,1,0,0.3760205836938098,-0.22016147140568051,1,1,0
0.47531560460930705,0.7983049698939042,1.0517582887902759,1.2165152886830584,0.7890339179833025,1.4406270335330171,-0.041311661770454436,1.9683077088519159,-5.263279327690051e-18,0,1,0,1.673440189958105,-0.2992027069561256,0,1,0
-6.124810344739331,0.1853267720383848,0.4401228744072515,-0.6672500803098167,0.519077831397275,0.13059886038098853,0.9372583264171847,1.571496502373217,0.6485074432867727,1,0,0,0.1791898314614058,4.258841876452867,1,0,0
0.30545942208930577,-0.8081206520722837,-0.6472289733847926,0.12022560672818813,-0.9825529002375004,-0.07458627517294336,0.2628384696932711,-0.917591974629531,-0.6838256558914266,0,1,0,-0.6330835545117534,0.09600347079609892,0,1,0
-0.058518111882126266,-0.5967488597083123,-0.4433505019237841,-0.2349104874262062,-0.8981916231793674,-0.09036974713863083,0.23639063217468617,-0.3187677903071307,-0.18147055292259723,0,0,0,-0.4417973305112489,0.26725948115539616,0,0,0
-1.271776558453567,0.39669856440235723,-1.2078947699025655,-3.616423731765876,-1.0331696664723813,-3.610083995486851,-3.0034694638519563,-7.131300542474036e-19,-2.6495630153346728,0,1,0,-2.2968380618122124,-2.301580674234065,0,1,0
0.23266391529501973,-1.5479219253461862,0.2532342755679934,-0.7598942787848763,-0.7463413244747273,-1.4793152801190943,-1.046329487476678,0.3738481337284165,-0.6401426034593545,0,0,0,-0.7356573268018796,-1.1686562980110204,0,0,0
0.3539897599521634,0.16418959280198805,0.5930317280030073,0.07390350749065876,0.13101595692986093,0.146382332346676,-1.6149579941262517,-0.917591974629531,-0.11594597427448954,0,1,0,-0.47783676401859015,-1.8009861824145799,0,1,0
-0.6894125040992759,-1.3576873122186117,0.015376058863484329,-1.3466408691269198,-0.8307026015328605,-0.327121826623937,-0.2925661181970103,-0.917591974629531,-0.8803993918357518,0,1,0,-1.109912982455042,0.0828299315376917,0,1,0
-0.2283742944021286,0.2910126682203716,-0.8001378269805485,-0.7907756782765628,-0.7969580907096071,0.146382332346676,0.10415144458176198,-0.917591974629531,-0.006738343194308571,0,1,0,-0.702390157410487,0.22773886338017396,0,1,0
1.276066179346458,0.5023844605843429,1.238646887629533,0.9385826932578805,1.244584814097223,1.1880914820820236,0.3421819822490257,-0.23219079980268728,0.9106057578792058,0,0,0,0.9720573686229194,-0.3518968639897556,0,0,0
-1.562958585630713,-1.6536078215281729,-3.5355073190824093,-3.6009830320200327,-2.5348003981071576,-3.8626195469378444,-2.8315585199811544,-7.131300542474036e-19,-3.4358579591119702,1,1,0,-3.3645557841835623,-1.9722421927738774,1,1,0
1.8098998958378925,1.538106243167807,1.0517582887902759,0.9385826932578805,1.244584814097223,1.2670088419104593,0.8182430575835525,-0.917591974629531,1.0198133889593854,1,0,1,0.9886909533186151,-0.16746731437205117,1,0,1
0.40252009781502107,1.7283408562953815,0.8818595625727689,0.9077012937661939,0.6203113638670352,0.6198864913172885,1.4529911580295884,-0.917591974629531,0.9324472840952412,1,1,0,0.7364149187672243,1.2289278470191431,1,1,0
0.9363538143064557,1.1999113753854511,0.9158393078162703,0.7996163955452908,1.31207383574373,0.9039889866996563,1.082721432769401,1.4993490102861806,1.1290210200395665,1,1,0,1.7288854722770919,0.5702508840987685,1,1,0
-0.8107383487564196,-1.590196283818981,0.3211937660549962,-0.8216570777682493,-1.2356367314119017,-2.1737880466093262,-2.3951692009245042,-0.13839906008954012,-1.076973127780076,0,1,0,-1.5423861845431401,-1.9458951142570624,0,1,0
-1.3688372341792825,0.5869331775299318,0.5080823648942543,-0.0650627902219301,-0.22330140671429963,-0.8006259855945494,0.39507765728619537,1.2468327879815542,0.05878623545379904,0,0,0,0.3704760554619112,1.136713072210291,0,0,0
-0.1555787876078416,0.5869331775299318,0.3042038934332459,0.2746326041866207,-0.3245349391840599,0.49361871559179155,1.122393189047278,1.2468327879815542,-5.263279327690051e-18,1,1,0,0.8999785016082359,1.2025807685023282,1,1,0
0.8635583075121684,0.5446588190571373,0.16828491245924024,0.969464092749567,0.6203113638670352,0.6830203791800368,1.0430496764915234,-0.917591974629531,0.3427260762622676,1,1,0,0.4536439789403909,0.5702508840987685,1,1,0
1.5672482065236042,0.8828536868394931,1.5784443400645471,0.9385826932578805,1.143351281627463,1.4406270335330171,-0.2661182806784254,-0.917591974629531,1.260070177335782,1,1,0,0.7475039752310225,-1.11596214097739,1,1,0
-0.7379428419621337,-0.5122001427627233,-0.5622796102760395,0.058462807744815125,-0.24017366212592595,-0.8637598734572978,-0.2528943619191332,0.3810628829371202,-0.15962902670656165,0,1,0,-0.33645129410517294,0.148697627829729,0,1,0
-0.3497001390592723,0.5023844605843429,0.23624440294624305,0.5525651996117994,0.24912174481124832,0.193732748243737,1.4529911580295884,-0.917591974629531,0.430092181126412,0,1,0,0.18473435969330437,1.6373075640297754,0,1,0
-0.44676081478498764,-0.32196552963514774,0.04935580410698568,0.5525651996117994,0.23224948939962117,-0.3744722425209979,0.46119725108265713,-0.5568545141943501,-0.26883665778674165,0,1,0,-0.13684827775681915,0.7019862766828434,0,1,0
0.30545942208930577,-0.1317309165075731,1.2046671423860318,0.5988872988493289,1.008373238334449,1.251225369944772,-0.18677476812267083,-0.917591974629531,0.845081179231097,1,1,0,0.3094862449110249,-0.3518968639897556,1,1,0
0.5966414492664518,-0.026045020325587368,0.5930317280030073,-0.5437244823430707,-0.47638523788869996,-0.27977141072687534,-3.1224847326855873,-7.131300542474036e-19,-0.8803993918357518,0,1,0,-0.4053618592730564,-3.4345050504571093,0,1,0
-1.198981051659281,-1.717019359237364,-1.411773241363574,-0.7907756782765628,-0.4426407270654466,-0.7848425136288627,-0.16032693060408595,0.9582428196334095,-0.44356886751503016,0,1,0,-0.6164499698160576,0.49120964854832394,0,1,0
0.111338070637875,0.05850369662000143,-0.8680973174675513,0.6143279985951724,0.11414370151823461,0.5883195473859142,0.8182430575835525,-0.917591974629531,-0.24699513157070596,0,1,0,-0.0758584672059338,0.7546804337164736,0,1,0
-0.616616997304989,0.20646395127478256,-0.4093707566802827,0.19742910545740475,0.7890339179833025,0.004331084655491683,0.39507765728619537,-0.917591974629531,-0.15962902670656165,0,1,0,-0.2200162012353008,0.7283333551996585,0,1,0
-0.5195563215792736,-0.4699257842899288,0.3211937660549962,0.5525651996117994,-0.40889621624219313,0.6830203791800368,-1.1917925938288947,1.6075702484167351,-0.11594597427448954,1,1,0,0.4453271865925435,-0.9051855128428707,1,1,0
0.9363538143064557,0.9674024037850819,1.0177785435467743,0.6760907975785454,-0.020834341774779067,0.09903191644961439,-0.37190963075276484,1.2468327879815542,0.18983539275001549,0,1,0,0.9304734068836795,-0.8788384343260557,0,1,0
-0.616616997304989,-0.6178860389447091,-1.0210061710633076,-0.018740690984400718,-0.3920239608305668,-0.6270077939719916,-0.7025075997350753,1.9683077088519159,-0.9022409180517874,0,1,0,0.10711096444672227,-0.3650704032481634,0,1,0
0.5238459424721648,0.07964087585639917,0.5080823648942543,0.33639540316999383,0.7215448963367956,-0.6427912659376783,0.024807932026007375,1.0664640577639635,0.36456760247830416,1,1,0,0.6282966182452006,-0.2596820891809034,1,1,0
0.8150279696493108,0.07964087585639917,0.5590519827595061,-0.4974023831055413,0.8227784288065559,0.32000052396923384,-1.1521208375510175,1.2468327879815542,0.18983539275001549,0,1,0,0.5284951100710232,-1.59020955428006,0,1,0
0.3539897599521634,-0.06831937879838187,0.47410261965075284,-0.43563958412216824,-0.020834341774779067,0.035898028586865915,0.289286307211856,-0.917591974629531,0.6266659170707373,0,1,0,-0.2643724270904904,0.09600347079609892,0,1,0
0.06280773277501739,-0.4699257842899288,-0.1375327947322723,0.4135989018992097,-0.22330140671429963,0.2410831641407979,1.0166018389729388,0.5253578671111925,0.21167691896605118,0,0,0,0.41206001720115104,0.9786306011094007,0,0,0
-0.2283742944021286,-0.4910629635263256,-0.17151253997577365,0.25919190444077783,0.24912174481124832,0.6830203791800368,0.5273168448791197,-0.4847070221073138,-0.05042139562638081,0,0,0,0.007309456272545875,0.649292119649214,0,0,0
-0.5195563215792736,-2.541369349456855,-2.8729022868341323,-3.0142364416779897,-2.821628740104811,-2.3947566541289453,-1.7868689379970535,-0.6434315046987934,-2.9771859085752133,0,0,0,-2.9146569219380676,-1.4979947794712078,0,0,0
-0.616616997304989,-1.2942757745094196,-1.0719757889285597,-0.3584360853929523,-0.560746514946833,-0.7690590416631752,0.024807932026007375,-0.3764857839767595,-0.509093446163138,0,1,0,-0.8520924196717516,0.3594742559642485,0,1,0
-0.5680866594421312,-2.2454488401472945,-1.6156517128245818,-0.9451826757349951,-1.4043592855281686,-1.100511952942604,-1.429823131496158,-0.13839906008954012,-1.295388389940437,0,1,0,-1.575653353934532,-1.1159621409773905,0,1,0
2.1981425987407532,2.1088100825505323,0.4571127470290018,1.309159487158118,1.7338802210343975,1.4721939774643913,1.5455585893446357,-0.917591974629531,1.5440100181442515,0,1,0,1.346313024276082,0.3463007167058418,0,1,0
-0.2283742944021286,0.5869331775299318,-0.5452897376542883,-0.08050348996777372,0.1985049785763678,0.8566385708025946,0.4479733323233651,-0.28269404426361255,0.2553599713981233,0,0,0,0.10988322856267206,0.570250884098769,0,0,0
0.3539897599521634,1.0308139414942732,0.4061431291637501,0.5525651996117994,0.09727144610660748,0.3989178837976689,0.9504822451764768,-0.917591974629531,0.5174582859905563,1,1,0,0.26790228317178505,0.7546804337164736,1,1,0
-2.3151788225050067,-1.9072539723649395,-2.227287127207606,-2.319404953115044,-2.382950099402517,-0.07458627517294336,-0.43802922454922666,1.0303903117204458,-0.5964595510272824,0,0,0,-1.4010007146297234,0.8205481300085112,0,0,0
-0.2283742944021286,0.6292075360027263,-0.25646190308452677,-0.2966732864095792,-0.257045917537553,-0.02723585927588235,0.2760623884525638,-0.917591974629531,-0.07226292184241741,0,1,0,-0.38635204819226115,0.39899487373947184,0,1,0
1.5672482065236042,0.4601101021115485,0.8478798173292675,0.2283105049490913,0.8733951950414356,0.5725360754202274,1.1356171078065707,-0.917591974629531,0.8669227054471336,0,0,0,0.5423564306507701,0.280433020413804,0,0,0
0.014277394912159659,0.5023844605843429,-0.6132492281412911,-0.6518093805639739,-0.62823553659334,-0.6270077939719916,0.10415144458176198,1.080893556181371,0.2772014976141599,0,1,0,0.06829926682343124,0.09600347079609892,0,1,0
1.518717868660746,1.453557526222218,-0.22248215784102543,1.2473966881747447,1.2108403032739699,0.7461542670427853,0.9769300826950617,-0.917591974629531,0.8232396530150614,1,1,0,0.728098126419377,0.148697627829729,1,1,0
-1.271776558453567,-0.1317309165075731,-0.9190669353328038,-0.9297419759891516,-1.7755489045839556,-0.3744722425209979,-0.37190963075276484,0.7273708449548936,-0.9677654966998953,0,0,0,-0.6414003468596017,0.3199536381890263,0,0,0
0.014277394912159659,-0.026045020325587368,-1.1909048972808143,-0.9915047749725248,-0.9825529002375004,-0.02723585927588235,0.1438232008596395,-0.12396956167213286,-0.05042139562638081,0,0,0,-0.5637769516130197,0.13552408857132178,0,0,0
0.184133577432162,0.7771677906575074,0.6949709637335116,0.7224128968160748,1.1096067708042094,0.5409691314888532,0.712451707509213,1.6075702484167351,0.8669227054471336,0,1,0,1.4045305707110185,0.6097715018739907,0,1,0
1.4459223618664607,0.7137562529483152,1.0857380340337772,1.5407699833457662,1.075862259980956,1.5826782812242008,-0.041311661770454436,1.9683077088519159,1.369277808415963,0,1,0,1.909082639813799,-0.8261442772924257,0,1,0
-0.3497001390592723,0.39669856440235723,-0.4263606293020338,-0.7907756782765628,-1.1006586881188882,0.7303707950770978,-0.041311661770454436,-0.917591974629531,-0.7930332869716076,1,0,0,-0.6192222339320064,0.148697627829729,1,0,0
-0.2283742944021286,0.10077805509279593,-0.5622796102760395,0.19742910545740475,0.09727144610660748,0.32000052396923384,1.082721432769401,-0.917591974629531,0.08062776166983562,0,1,0,-0.12853148540897177,1.2025807685023286,0,1,0
-1.1504507137964233,-0.23741681268955878,0.20226465770274168,0.33639540316999383,0.8059061733949288,0.193732748243737,-2.5274083885174283,-0.6650757523249043,-0.661984129675391,0,1,0,-0.6940733650626397,-1.893200957223432,0,1,0
0.9848841521693121,1.0942254792034651,1.4085456138470402,0.969464092749567,1.143351281627463,0.09903191644961439,0.1570471196189317,1.2468327879815542,1.1727040724716387,0,1,0,1.371263401319626,-0.3782439425065706,0,1,0
0.9363538143064557,0.037366517383604685,1.0177785435467743,-0.1731476884428332,0.3334830218693815,-0.5954408500406175,-1.138896918791725,-0.917591974629531,-0.09410444805845297,0,1,0,-0.4002133687720081,-1.6429037113136906,0,1,0
1.1547403346893144,0.6080703567663296,0.6270114732465087,1.2782780876664313,1.1096067708042094,0.8250716268712204,-0.37190963075276484,-0.917591974629531,-0.22515360535466938,1,1,0,0.43423813012874535,-0.997400287651723,1,1,0
0.47531560460930705,0.6080703567663296,0.728950708977013,0.5988872988493289,0.6540558746902887,0.6041030193516009,-0.2661182806784254,1.6075702484167351,-0.31251971021881375,0,1,0,1.1300764232320324,-0.5231528743490529,0,1,0
1.5672482065236042,1.453557526222218,1.374565868603539,1.679736281058356,1.5651576669181304,1.3932766176359554,1.1752888640844477,1.6075702484167351,1.5876930705763237,1,0,0,2.2556156543074675,0.3199536381890263,1,0,0
0.30545942208930577,-1.2942757745094196,-1.2588643877678167,-1.5164885663311949,-1.1344031989421415,-2.9629616448936806,-1.773645019237761,-0.34762678714194506,-1.7759019666932294,0,1,0,-1.8307016526018722,-1.9327215749986548,0,1,0
-0.058518111882126266,0.20646395127478256,-0.6472289733847926,0.12022560672818813,0.21537723398799485,0.9829063465280915,0.8711387326207222,1.2468327879815542,0.430092181126412,0,1,0,0.8001769934340595,0.8995893655589559,0,1,0
-1.4416327409735692,-0.42765142581713433,-0.9530466805763053,0.12022560672818813,-0.9319361340026209,-0.20085405089844016,-0.18677476812267083,1.7446504833821035,-0.39988581508295806,0,1,0,0.08216058740317818,0.596597962615584,0,1,0
-0.5680866594421312,-0.17400527498036752,-1.343813750876571,0.8922605940203503,0.012910169048474276,0.4620517716604174,-0.10743125556691623,-0.917591974629531,0.08062776166983562,0,1,0,-0.4445695946271977,0.20139178486335899,0,1,0
-0.6894125040992759,0.01622933814720703,-0.018603686380017023,-0.21946978768036268,-0.4426407270654466,0.8092881549055336,0.3554059010083178,-0.28269404426361255,0.08062776166983562,1,0,0,-0.08971978778568074,0.7283333551996585,1,0,0
-1.490163078836426,-2.3934090948020748,-0.7661580817370471,-1.840743260993903,-2.2479720561095036,-1.4635318081534072,-0.9802098936802158,0.7418003433723008,-1.7322189142611575,0,0,0,-1.492485430456052,-0.16746731437205117,0,0,0
-0.7379428419621337,-0.9560809067270648,-0.1375327947322723,-0.6518093805639739,0.029782424460100602,-0.327121826623937,-0.014863824251869568,-0.917591974629531,-0.15962902670656165,1,0,0,-0.7633799679613734,0.385821334481064,1,0,0
-0.9077990244821349,-1.5479219253461862,-1.445752986607075,-2.8907108437112434,-2.2985888223443838,-2.2211384625063877,-2.31582568836875,0.14297615904990077,-2.038000281285663,0,0,0,-2.26594711880592,-1.8141597216729872,0,0,0
-0.2769046322649853,-0.1317309165075731,-0.5962593555195408,0.33639540316999383,0.3334830218693815,-0.12193669107000495,0.8050191388242603,1.2468327879815542,0.21167691896605118,1,1,0,0.5894849206219095,0.9522835225925859,1,1,0
0.5238459424721648,-0.5544745012355178,0.04935580410698568,-1.840743260993903,-3.0915848266908386,-3.0418790047221163,-0.847970706087292,0.5902906099895249,-0.618301077243319,1,0,0,-1.334466375846939,-1.1291356802357977,1,0,0
-0.5680866594421312,-0.3642398881079421,0.28721402081149483,-0.37387678513879524,-0.7463413244747273,-1.100511952942604,-0.10743125556691623,-0.917591974629531,-0.20331207913863383,1,1,0,-0.8299143067441573,0.20139178486335899,1,1,0
-1.8298754438764295,-0.6601603974175035,0.20226465770274168,0.1047849069823453,-1.2862534976467817,-0.9900276491827945,0.0909275258224698,0.3738481337284165,-0.18147055292259723,0,0,0,-0.4722922357866916,1.0840189151766608,0,0,0
-0.3497001390592723,0.16418959280198805,-0.25646190308452677,0.6143279985951724,0.6878003855135422,0.5409691314888532,1.5852303456225127,-0.917591974629531,0.582982864638665,0,0,0,0.23186284966444376,1.7690429566138506,0,0,0
0.8150279696493108,0.7983049698939042,0.6609912184900102,0.8768198942745073,-0.15581238506779274,0.5409691314888532,-0.5967162496607359,1.2468327879815542,-2.824295225062962,0,1,0,0.8805726527965914,-1.0369209054269455,0,1,0
1.8098998958378925,1.453557526222218,0.8818595625727689,0.1047849069823453,0.8902674504530627,0.11481538841530185,-0.46447706206781153,-7.131300542474036e-19,0.9979718627433501,1,1,0,1.134432838271381,-1.4453006224375775,1,1,0
-0.8107383487564196,-0.4699257842899288,-1.343813750876571,0.33639540316999383,-0.08832336342128587,-0.5954408500406175,-0.06775949928903928,-0.917591974629531,-0.5527764985952102,0,1,0,-0.8049639297006133,0.3726477952226563,0,1,0
0.6451717871293094,0.8828536868394931,0.10032542197223746,0.33639540316999383,0.8902674504530627,0.193732748243737,0.7256756262685058,1.2468327879815542,0.5611413384226285,0,0,0,1.0718588767970958,0.3726477952226563,0,0,0
1.1062099968264567,0.3121498474567683,0.9837987983032731,0.7378535965619177,0.6203113638670352,0.714587323111411,1.519110751826051,-0.917591974629531,0.845081179231097,0,1,0,0.6477024670568461,0.9127629048173637,0,1,0
0.014277394912159659,-0.06831937879838187,1.1367076518990287,0.01214070850728574,0.029782424460100602,0.49361871559179155,-0.014863824251869568,-0.917591974629531,0.10246928788587119,1,1,0,-0.08971978778568074,-0.022558382529568252,1,1,0
-0.058518111882126266,-0.4699257842899288,0.08333554935048713,0.5525651996117994,0.26599400022287456,0.4147013557633564,1.0694975140101082,1.0664640577639635,0.18983539275001549,1,1,0,0.7890879369702624,1.0971924544350682,1,1,0
-0.2283742944021286,-1.019492444436256,0.5930317280030073,-0.31211398615542213,-0.7125968136514739,-0.327121826623937,0.39507765728619537,-0.917591974629531,-0.24699513157070596,0,0,0,-0.5693214798449182,0.517556727065139,0,0,0
-0.3497001390592723,-0.8503950105450782,-0.17151253997577365,0.25919190444077783,0.6709281301019159,0.35156746790060794,-0.041311661770454436,1.2468327879815542,0.21167691896605118,0,1,0,0.50354473302748,0.148697627829729,0,1,0
1.324596517209316,0.8828536868394931,-0.6472289733847926,0.19742910545740475,0.04665467987172772,-0.737492097731801,-0.6628358434571983,-0.7372232444119404,0.4956167597745207,1,1,0,-0.3530848788008697,-1.3794329261455403,1,1,0
-0.8107383487564196,1.0308139414942732,1.5104848495775443,1.4326850851248643,1.4639241344483702,-1.2267797286681008,1.4000954829924188,1.9683077088519159,1.2819117035518186,0,1,0,1.6152226435231685,1.8349106529058878,0,1,0
-0.2769046322649853,-0.3642398881079421,-0.8680973174675513,0.058462807744815125,-0.13894012965616565,0.28843358003785957,0.2231667134153941,1.6075702484167351,-0.07226292184241741,0,1,0,0.4758220918679862,0.3726477952226563,0,1,0
-1.1019203759335656,-1.4845103876369954,-0.1375327947322723,0.4135989018992097,0.08039919069498115,0.193732748243737,-0.8347467873279996,-0.917591974629531,0.036944709237763475,0,1,0,-0.7550631756135251,-0.23333501066408838,0,1,0
-2.87327770792787,-1.505647566873392,-2.380195980803362,-3.1686434391364218,-0.07145110800965884,-0.8795433454229853,-0.5570444933828588,0.496498870276378,-0.9022409180517874,0,0,0,-1.5811978821664308,1.0049776796262158,0,0,0
-0.44676081478498764,0.2276011305111793,1.1197177792772786,0.5988872988493289,0.7215448963367956,0.49361871559179155,-0.31901395571559515,-0.917591974629531,0.8013981267990249,1,1,0,0.0488934180117867,-0.07525253956319834,1,1,0
0.111338070637875,0.5446588190571373,-0.7831479543587981,-0.5746058818347572,-0.6451077920049672,-0.20085405089844016,-0.5967162496607359,1.1025378038074816,0.430092181126412,1,1,0,0.004537192156597078,-0.654888266933128,1,1,0
-0.2769046322649853,0.39669856440235723,0.1343051672157389,0.12022560672818813,-0.2907904283608065,-0.7059251538004269,-0.06775949928903928,-0.2466202982200944,-0.42172734129899364,1,1,0,-0.2227884653512496,0.08282993153769119,1,1,0
-1.4416327409735692,-2.0129398685469253,-4.385000950169944,-4.2958145205829785,-4.357003982562841,-4.5413088414623894,-1.138896918791725,0.32334488926749116,-3.3703333804638627,0,0,0,-3.5495054044904686,-0.3518968639897556,0,0,0
-0.1555787876078416,-0.1317309165075731,0.20226465770274168,-0.04962209047608717,-0.20642915130267253,-1.1162954249082915,0.9901540014543537,-0.19611705375916919,1.2382286511197464,0,1,0,-0.11467016482922485,1.070845375918253,0,1,0
1.0576796589635993,-0.4910629635263256,0.7799203268422646,-0.03418139073024424,0.28286625563450174,0.8250716268712204,0.0909275258224698,-0.3764857839767595,0.45193370734244853,0,0,0,0.23740737789634234,-0.4836322565738307,0,0,0
-2.5335653428878655,-2.3511347363292803,-4.02821362511318,-4.017881925157799,-2.7203952076350513,-2.678859149511313,-3.162156488963464,-0.917591974629531,-4.04742069316098,0,0,0,-3.915444267795783,-1.774639103897765,0,0,0
0.5966414492664518,0.5235216398207406,0.16828491245924024,0.6915314973243883,0.012910169048474276,0.193732748243737,-0.16032693060408595,1.2468327879815542,-1.688535861829085,0,1,0,0.7641375599267183,-0.4836322565738307,0,1,0
0.3539897599521634,1.0942254792034651,-0.03559355900176805,0.027581408253128666,0.9746287275111958,0.3042170520035464,1.1885127828437405,1.9683077088519159,0.7795566005829893,0,0,0,1.39621377836317,0.9918041403678085,0,0,0
0.23266391529501973,-0.5967488597083123,0.711960836355262,0.1511070062198747,-0.3582794500073133,-1.921252495158333,-0.2528943619191332,-0.917591974629531,0.015103183021726897,1,0,0,-0.716251477990234,-0.37824394250657123,1,0,0
-0.6894125040992759,0.7348934321847129,0.27022414818974455,0.1511070062198747,-0.8138303461212342,0.193732748243737,0.9240344076578919,-0.917591974629531,0.36456760247830416,1,0,1,-0.1756599753801112,1.294795543311181,1,0,1
1.906960571563608,2.42586777109649,1.3405861233600371,1.617973482074983,1.7338802210343975,1.772079944812446,1.7439173707340219,-0.917591974629531,1.893474437600828,1,1,0,1.6484898129145609,0.7019862766828434,1,1,0
0.8150279696493108,0.1853267720383848,-0.5282998650325381,-0.018740690984400718,0.519077831397275,-0.07458627517294336,0.7653473825463828,1.1746852958945178,0.320884550046232,1,1,0,0.7059200134917817,0.3199536381890263,1,1,0
0.9848841521693121,0.5235216398207406,0.6270114732465087,1.1393117899538423,-0.020834341774779067,1.0618237063565268,0.1438232008596395,1.6075702484167351,0.9542888103112778,1,1,0,1.3130458548846895,-0.39141748176497787,1,1,0
1.3973920240036029,1.5803806016406012,1.1027279066555278,1.3709222861414907,0.9577564720995697,1.235441897979085,1.4133194017517117,-0.917591974629531,1.4348023870640707,0,1,0,1.1051260461884882,0.6492921196492134,0,1,0
